name,age,street,city,state,zip,lng,lat
Stacy Jacobs,30,584 Ian Wells,Coleland,North Dakota,41243,36.916574,-14.5968965
Wayne Reyes,66,54471 Melanie Vista Apt. 338,Wileyport,Idaho,45413,-138.506211,-66.5864285
Lori Lopez,40,9422 Krystal Overpass Suite 520,Herrerashire,Oregon,12647,23.962685,-44.509976
Nancy Watson,77,633 Franklin Glen,East Juan,Michigan,52875,158.550613,-36.145590
Melissa Chavez,78,075 Kayla Inlet,Kimtown,New York,60808,96.742827,14.695343
Kayla Morris,34,377 Brandon Throughway,East Alexandria,Nevada,53370,-104.833245,-78.3914605
Taylor Garcia,24,842 Debra Mission Apt. 848,Shortton,Oregon,54368,-45.528412,-75.764728
Elizabeth Vazquez,49,41072 Lewis Expressway,Jefferyburgh,Ohio,86949,-71.441771,51.234711
Benjamin Graham,54,317 Freeman Ville Apt. 705,New Kaitlyn,Louisiana,51935,-105.095650,-80.8178445
Destiny Martin,65,581 Jaime Isle Apt. 532,Port Jamesport,Florida,46529,-42.358696,34.335599
Cole Moreno,22,03630 John Trail,Port Christine,Indiana,37802,-11.946185,-84.011761
William Cohen,64,14327 Bobby Parks,Johntown,New Hampshire,02564,32.641919,-74.7005635
Jose Leonard,48,40009 Eileen Estate Suite 885,North Richardshire,Delaware,06646,-5.850522,-75.857999
Edward Lambert,70,4787 Mary Wells Apt. 651,Moonville,New Mexico,59267,25.425646,23.772688
Christine Lane,70,364 Kenneth Shoals,Lake William,Kansas,32001,-65.632375,-15.176616
Jacqueline Reed,33,8769 Steven Turnpike,Pachecoborough,Oklahoma,95669,-93.882220,-19.088602
Jennifer Petersen,64,768 Nicole Station Apt. 237,East Nicole,Kentucky,51950,-42.693949,78.5810225
Belinda Meyers,60,290 Troy Crossroad Apt. 678,Bullockburgh,Washington,42635,-113.542491,26.558286
Tracey Cowan,35,522 Lee Station,Russellton,Washington,80770,-12.906610,15.6209525
Diane White,41,765 John Locks,West Nichole,Georgia,85097,65.975733,-27.0256795
Stephanie Gomez,41,083 Raymond Circle Apt. 963,Lake Kellyshire,Pennsylvania,83944,12.630780,89.655038
Gabrielle Alvarez,52,87353 Brown Meadows,Clarkbury,Colorado,77398,32.890694,21.753845
Stephanie Sanders,41,8819 Carla Extensions Suite 220,Jenniferstad,Louisiana,22070,-122.567803,-59.131438
Tiffany Estrada,66,81534 Jones Dale Suite 665,Doughertyton,Colorado,35424,-24.437794,57.0121545
Shari Atkins,47,8249 Jack Pine Suite 368,Danielstad,Nebraska,38010,-82.577352,-21.596060
Angelica Valdez,41,87764 Arroyo Vista,Everetttown,New Hampshire,97560,-53.798569,-1.330668
Melissa Shields,80,164 Carter Harbor Suite 302,East Edward,South Carolina,56985,150.506964,15.9225025
Ashley Jones,78,31933 Hernandez View,Skinnerland,Missouri,83248,124.459380,-31.5723865
Jeffrey Bean,46,2364 White Falls,West Jackson,Rhode Island,40314,16.482751,-20.632548
Jason Castillo,64,274 Charles Centers Apt. 095,Frenchchester,Kentucky,47315,-125.363703,54.795429
Isaac Baker,60,8638 April Route,West Marisafort,Illinois,70297,-155.054044,83.9300115
Gina Garcia,67,498 Hensley Run Apt. 483,Wallsstad,Arkansas,41890,-20.247165,-15.3745115
Rebecca Martinez,77,865 Joshua Forges,Keithbury,Mississippi,60778,-37.583059,-49.8015525
Heather Hall,73,9950 Vasquez Streets Suite 437,West James,North Dakota,11416,-54.833122,-82.967557
Christopher Torres,66,44593 Randy Rue,North Faithfort,Arkansas,34886,56.701706,-40.7130245
Dustin Williams,73,547 Sanchez Village,South Alyssahaven,West Virginia,63168,116.454727,-77.866850
Charles Delgado,47,36168 Heather Lane Apt. 412,Bensonton,New Jersey,65383,-21.560857,-46.607804
Jason Davis,55,5230 Jason Tunnel Suite 005,Lake Kelliburgh,West Virginia,74851,-31.679115,-73.564500
Sharon Stuart,19,6581 William Lakes Apt. 278,East Angelamouth,Maryland,11139,-28.061078,8.4146325
Lisa Simpson,79,554 Barnett Club,New Heathermouth,Montana,57332,13.573651,7.072178
Stephen Chavez,20,4216 Daugherty Mount,Port Christyberg,Pennsylvania,85430,-1.834134,31.224581
Virginia Sullivan,75,220 Hoover Parkways Apt. 238,West Jeffrey,New Hampshire,28573,-80.184451,-75.0904215
Douglas Dennis,19,050 Jessica Squares,Gonzalezborough,Rhode Island,93168,-51.955656,-16.3540715
Carla James,39,75403 James Fork Apt. 320,Davidshire,Vermont,26684,-26.497241,-51.397905
Jennifer Wolfe,79,362 Robin Walk,North Marilynmouth,South Carolina,38800,-73.250989,-62.047763
Mrs. Sarah Simon,52,13327 Schwartz Isle Suite 285,East Amber,Arkansas,25992,80.495135,-5.8261615
James West,80,4241 Rodriguez Road,New Michelleport,New York,68910,147.294081,-70.6076365
Leah Parks,40,35176 David Road,Brownborough,California,25460,169.389213,-29.5920125
April Mitchell,31,537 Dwayne Camp,Leeview,Georgia,92749,-14.546653,49.506926
Ashley Hoffman,49,834 Phillip Extensions,South Michaelbury,Utah,03761,164.109931,-46.026458
Natasha Abbott,53,917 Smith Roads Suite 508,Walkerburgh,Louisiana,82550,-9.464161,66.1357915
Michael Martinez,61,09825 Deanna Fords,Port Robert,Colorado,24131,173.692359,-42.6762025
Jennifer Herrera,74,346 Williams Forges,North Pamela,Utah,31201,-165.049839,-21.1357065
Morgan Martin,57,300 David Isle,Walkerside,South Dakota,19651,96.513776,33.3824235
Alec Schmidt,70,627 William Crest Apt. 158,North Sarahshire,Kentucky,11737,154.702238,17.153976
James Smith,32,6922 Chad Centers Suite 600,East Kevinmouth,Alaska,45751,-77.162145,-51.793706
Nathan Hardy MD,43,415 John Point Suite 786,Port Jamesland,New York,71716,-25.687666,16.3802115
Shawn Cervantes,38,2167 Hunter Union Suite 590,Kelleyfurt,Florida,11083,34.897823,87.647235
Matthew Pierce,68,208 Gregory Oval,West Carol,Arizona,12774,72.818396,-58.082048
William Arnold,38,172 Joshua Ways Suite 931,South Michaelview,North Dakota,85201,142.231708,8.167219
Kristen Hart,47,8665 Beth Club Apt. 306,New Angela,Pennsylvania,96848,40.594986,86.6866425
Philip Wright,59,438 Sherman Haven,New Danielleberg,South Carolina,98476,-2.076067,34.400825
Rebecca Wilson,29,08961 Greer Forest Apt. 068,East Kelsey,Iowa,95346,-42.341939,64.7121725
Jenna Perez,20,18995 Ann Views,North William,California,98056,90.975305,-78.325569
Larry Fox IV,47,74373 Jake Passage Apt. 000,Allisonmouth,Indiana,19696,103.752813,80.1212515
Timothy Sullivan,28,96875 Haley River Apt. 220,Andrewville,Georgia,38984,84.229578,46.6929205
Alexandria Keith,31,896 Anderson Throughway Suite 610,Sanchezville,North Carolina,93343,55.431415,-85.9875065
Brooke Randall,64,6028 Robert Burg Apt. 777,South Andrewport,Maryland,08887,102.737406,75.7858615
John Davis DVM,62,190 Stephens Shoal,Lisachester,South Dakota,21723,-149.314731,17.6787205
Mr. Zachary Baker,71,7956 Mahoney Stravenue,Philipfort,Washington,44883,160.529416,3.624582
Justin Smith,20,797 Daniel Lakes,Lake Margaretbury,North Dakota,60856,-70.438870,-12.415125
Jill Murphy,22,8105 David Drive,Calebmouth,Arkansas,60448,171.929045,86.1437585
Gary Mclaughlin,73,0949 Schneider Radial Apt. 523,Millerport,Texas,21928,19.852124,-4.827695
Samuel Adams,55,71466 Strickland Forest,Amandafurt,Washington,67553,-20.046868,29.7235675
George Morgan,50,6679 Alexandra Harbors,South Christinemouth,North Dakota,38825,82.961492,69.251478
Kevin Anderson,57,354 William Prairie,Tiffanymouth,Kentucky,75434,57.480374,-56.110874
Karen Simpson,20,32594 Brenda Village,Port Davidborough,Montana,20717,142.082664,84.048614
Michael Gutierrez,70,8151 David Road,West Rubenburgh,Maine,01158,153.178411,-21.698141
Victoria Love,52,40490 Anderson Valleys,West Jerry,South Carolina,71194,-108.106132,70.8645265
George Duncan,56,620 Daniel Fords,Sandersfort,Illinois,51719,-25.469568,-68.754382
Amber Maxwell,52,96706 Fowler Lakes Suite 092,Pagestad,Utah,37272,-59.795147,-64.7143565
Sabrina Fuller,55,33109 Mcdonald Courts Suite 490,Fernandezburgh,Colorado,71593,121.616450,13.567327
Dana Gilmore,54,669 Jessica Fall Suite 537,West Krista,Arizona,13741,-61.003588,65.929985
Brooke Mendoza,67,1773 Williams Points Apt. 595,Williamshaven,Vermont,25889,36.031786,55.0636975
Michael Russell,79,37947 Norton Forges,Greentown,Nevada,60607,108.818243,-61.526910
Amanda Raymond,27,68974 Becker Row,Mannbury,Washington,81912,110.338812,2.866582
Roberto Flores,58,334 Joshua Ramp Suite 053,Haroldton,Michigan,17551,-8.761509,-26.920088
Jennifer Cruz,60,631 Jennifer Pine,Nicholasborough,Kansas,69846,-4.969705,70.098322
Kimberly Cruz,38,928 Taylor Creek,Davidton,Nebraska,76344,-67.796604,-60.5550505
Brittany Coffey,44,723 Shelly Stravenue Suite 917,Starkshire,Maine,03061,105.294698,80.4686885
Rachel White,62,45749 Gibson Road,Brownland,Alaska,14711,55.588961,-48.9067725
Bill Villarreal,18,0807 Carolyn Lodge Suite 418,New Amandahaven,Michigan,41726,-155.123513,77.7345935
Brandon Brown,42,520 Martinez Rest,Janicemouth,Kentucky,54762,-66.035512,70.929822
Jesse Morton,57,2862 Santos Roads Suite 075,New Michelleport,Oregon,39510,-75.188579,61.233362
Courtney Morris,37,8478 Colon Island Suite 730,Lake Johnfurt,Washington,84453,51.199410,-81.376131
Matthew Carter,57,20311 Benjamin Roads Suite 676,New Angela,Wyoming,75509,-82.135206,55.0429295
Tyler Harris,61,911 Armstrong Underpass Apt. 072,Robinsonfurt,New Mexico,79079,-12.820944,70.3845905
Michelle Hood,50,432 Walsh Fork,East Stevenchester,Iowa,43034,83.770683,43.2126085
Mary Aguirre,62,543 Frank Curve,North Brenda,Washington,90933,14.291567,82.235300
Patricia Pham,78,84785 Perez Plains,North Annemouth,Hawaii,04142,-19.368937,-8.670268
Cesar Vasquez,76,6436 Morse Circles,New Laurenfurt,Virginia,16563,-112.924955,-57.4554035
Richard Garcia,48,7404 Mary Shores,New Raymondton,Maryland,08964,-114.626809,23.4311885
James Lara,38,6076 Linda Ports,South Jameschester,Massachusetts,28830,-162.936299,-49.415470
Mark Campbell,60,1512 Cody Creek Apt. 732,Tylerfort,Iowa,21811,2.293346,-74.759729
Penny Johnson,40,22602 Vance Drives,North Lorichester,South Carolina,62684,112.626990,-80.8599295
Holly Chen,71,4947 Chambers Common,South Mark,Colorado,87471,164.211521,67.9248595
Johnny Hernandez,80,152 Kimberly Glens,Johnsonmouth,North Dakota,54817,-87.054526,88.0804285
Andres Collins,26,396 Carly Valleys,Lake Kyleborough,Rhode Island,48526,173.889357,-20.152034
Lorraine Wilson,60,40566 Michael Courts Apt. 366,East Elizabeth,Oregon,33824,58.817744,-9.081409
Robert Vaughan,68,867 Lynch Trail Apt. 151,East Lisa,Ohio,99833,139.297117,27.7561105
Stacie Rojas,57,93467 Amanda Points Suite 203,New Paulshire,Wyoming,08603,5.628282,26.411196
Sean Moore,78,62067 Harris Burgs Suite 297,Greerside,Virginia,44019,64.628174,-72.981685
Jacob Alexander,75,18807 Taylor Causeway Apt. 731,Johnsonhaven,Florida,55608,-101.134136,64.5649625
Jennifer Hughes,64,5423 Lucas Extensions Suite 643,Port Michael,South Dakota,90245,57.583135,-37.136451
Michael Bishop,42,32046 Jackson Crossing Suite 965,Hayesside,Rhode Island,89707,-29.056915,-16.1786175
Joshua Ryan,55,009 Thompson Road Apt. 538,East Edwardstad,Wisconsin,08188,-103.528697,5.546433
Brittany Gomez,30,9136 Coleman Vista,Wilsonmouth,New Jersey,51364,158.541631,13.1411565
Paul Bright,28,852 Joyce Trail,Haleyburgh,Montana,72136,-1.480940,40.9076735
Robert Mckenzie,25,24935 Wesley Forks Apt. 507,Wallacefurt,Utah,81819,25.796770,87.7736585
Rebecca Smith,78,690 Nelson Pines,North Justinport,Hawaii,37776,87.345343,-45.902652
Emily Duffy DVM,80,35156 Dominique Row,Kristophertown,Idaho,34311,-105.723566,71.1323405
Jason Cooke,24,4880 Michael Drive Apt. 409,North Loretta,Wyoming,55839,160.310719,85.3072445
Ronald Edwards,44,273 Mark Drive,Finleyland,Kentucky,98350,48.363881,38.1467645
Austin Espinoza,38,978 Cook Crescent Suite 949,North Davidburgh,Utah,41524,-20.645629,79.6778365
Jennifer Lucas,32,299 Casey Hollow Suite 027,Collierberg,Massachusetts,47788,149.896404,35.6560155
Holly Kennedy,52,64512 Daniel Freeway Suite 697,Sherihaven,Kansas,58721,-110.842167,-77.0277135
Brittany Lopez,42,6973 Fitzgerald Manors Apt. 885,East Alyssafort,Mississippi,65621,171.025185,56.506348
Nancy Cooper,76,234 Brown Radial Suite 000,Alvaradoside,South Carolina,09075,98.849600,57.9400415
Katelyn Lee MD,58,270 Pham Stravenue,New Garrettville,Arizona,07910,-54.178053,64.726174
Robin Williams,34,234 Taylor Stravenue,Kingmouth,Vermont,45773,-156.424085,81.8301235
Heidi Johnson,46,65201 Adrienne Meadow,Taraview,Oklahoma,31039,-38.853819,-6.1626315
Kent Hobbs,39,011 Debra Causeway,South Kyle,Vermont,71619,146.580485,-65.852088
Hannah Taylor,44,77458 Hatfield Field,North Reginaland,North Dakota,65834,-168.741930,71.880314
Tyler Smith,63,164 Hamilton Centers,Larsonmouth,Arkansas,29802,50.115319,-25.008637
Megan Burgess,78,14399 Joseph Square,Port Codybury,Maine,27311,177.881528,-9.175274
Jose Myers,48,264 Matthews Fort Apt. 285,Vanceton,Massachusetts,94544,162.547075,-82.577561
Barbara Hickman,56,491 Barbara Crescent Suite 145,Port Joseph,Ohio,74582,48.477522,7.4291775
Tiffany Mendoza,31,38189 Wright Squares,East Tonyafort,Wisconsin,02402,65.641673,-25.8048955
Sheila Taylor,38,342 Deborah Trafficway,South Paulton,Mississippi,62316,-116.628560,81.3945675
Molly Aguilar,30,1688 Suarez Courts Apt. 671,Vargasview,New Hampshire,37506,177.136492,12.614033
Christopher Miranda,70,95486 Susan Place Apt. 866,Rollinsmouth,Kansas,23342,-115.569268,-1.2084155
Christine Williams DDS,49,9539 Vega Lights Apt. 334,Simmonsborough,Hawaii,71537,31.789461,-81.504384
Elizabeth Hayes,41,3117 Hill Lights,Port Dominiquefort,Pennsylvania,26011,58.663580,-18.761754
Janice Mitchell,62,94756 Mills Ways Suite 082,Valerieside,Mississippi,22497,-151.266516,38.7032295
Kristin Weiss,28,15933 Sarah Extensions,West Bradleyfort,Georgia,62074,30.785067,-70.3563455
Jason Palmer,72,58337 Lucas Ford,Davischester,Iowa,51818,-167.081143,-13.175082
Christina Parker,65,6714 Adam Points,Blakechester,Washington,11268,26.257775,39.4461395
Kevin Freeman,42,53183 Melissa Mountains Suite 328,West Chelsea,North Dakota,68054,33.542623,15.280613
Jeremy Hays,53,961 Tracy Village,Kathleenview,Georgia,05624,16.277961,37.863890
Ariana Walton,54,0464 Garcia Ville,Rowestad,South Dakota,22706,-28.912690,-37.875479
Joann Campbell,30,067 Leslie Orchard Suite 446,Port Kathleenhaven,Utah,87315,-103.886974,31.0795905
Angela Cross,54,12483 Caleb Loop,Daviston,Mississippi,81252,78.735443,-32.867143
Michelle Henry,70,946 Robert Via,Christophershire,Montana,35844,103.221993,-30.588721
Samantha Ruiz,22,550 Davis River,Pittmanbury,Rhode Island,43755,6.844149,-35.200770
Samantha Smith,61,1703 David Corner,East Tiffany,Mississippi,31434,11.683185,21.092067
Sophia Fernandez,68,1895 Justin Ville,East Markborough,New York,41382,92.629492,-20.4593295
John Norris,67,633 Montoya Stream,Josefort,Tennessee,33810,-120.623237,0.9736735
Timothy Nguyen,56,665 Perez Center,Wendyport,Wisconsin,41512,175.196444,-86.0164385
Terri Wilkins,52,5145 Smith Flats Suite 123,Lake Edwin,Alabama,64027,-97.963281,55.000441
Nicholas Macdonald,72,2863 Zachary Port,Port Brandonville,Mississippi,06852,-78.148287,-72.9328935
Scott Evans,39,087 Larry Tunnel Apt. 932,Williamstown,Washington,63506,-11.509808,-70.0097555
Matthew Oneill,74,84790 Vanessa Ramp Apt. 039,Ortizville,Iowa,80235,76.239695,43.7997165
Jonathan Nichols,69,8276 Bradley Garden,West Troyhaven,Nebraska,92846,86.849850,-35.9834405
Robert Wolf,24,389 Davis Radial Suite 090,Lake Katherineberg,Georgia,21833,32.571785,-71.862888
Gary Mckee,20,051 Joseph Walks,Youngside,Georgia,71864,87.562907,-48.0697885
Cody Jones,78,67881 Stephanie Tunnel,Brittanymouth,New York,60558,37.563131,-41.2040525
Andrea Turner,44,895 Smith Cliffs,Lake Jefferyland,Connecticut,23500,161.318582,39.8864685
David Villanueva,58,8601 Deborah View,Jackmouth,Oregon,20050,29.826728,54.766960
Stacey Munoz,23,553 Jacob Mountains,Ashleyburgh,Montana,80482,-111.322655,-26.1003185
Lisa Davis,46,06325 Daniel Gateway,Valdezville,Tennessee,80259,-39.952822,35.3082115
Kristen Green,38,05414 Kenneth Village Apt. 387,Floresland,Nevada,91394,-15.482184,86.182344
Kellie Smith,43,277 Johnson Street Apt. 381,New Garyton,West Virginia,37156,-120.659045,-28.5701815
Emily Harris,58,8327 Nicole Forge,Lake Rebeccaton,Delaware,28140,-171.070527,-9.155219
Michael Boyd,42,1970 Flores Field,Lake Jasminestad,New Jersey,19831,-119.835241,-58.1817325
Craig Simpson,21,8010 Shelton Pines Suite 474,Millerside,New Mexico,72153,140.574105,74.7511625
Shelly Chapman,44,5020 Carol Shore,East Adamville,Nebraska,14278,117.572304,-58.779886
Kevin Wilson,34,92889 Brandon Isle Suite 790,Tracybury,Minnesota,25205,-159.860781,-33.724021
Breanna Watson,37,68145 Shelby Prairie,South Jeremyside,Arkansas,00623,-9.862074,-10.276012
Jeffrey Robinson,25,7914 Guerrero Well,Cruzland,New Jersey,74269,-36.861721,9.4170895
Brandy Gonzalez,19,3424 Amanda Crest,New Johntown,Missouri,83111,-27.821697,-37.9642095
Sheryl Robinson,64,1419 Santos Rapids Apt. 804,East Alexanderland,Texas,48805,26.914315,76.292019
Jennifer Walter,28,42265 Smith Route Suite 130,North Jodiside,Maine,03632,18.200168,48.7521895
Elizabeth Johnson,51,162 Sara Parkway,Port Lindsey,West Virginia,84292,-106.007845,34.802811
Nicholas Jensen,18,6801 Gillespie Run Suite 971,Lake Erintown,Kansas,39638,-70.572145,-32.2596225
Isabella Clark,26,4041 Matthew Greens Suite 835,Brownport,Oklahoma,10324,-72.173670,-13.013754
Thomas Edwards,48,001 David Radial,South Michaelburgh,Texas,80392,-3.932654,-32.4061415
Susan Boyd,37,3174 Hughes Parkways Apt. 352,Nicholaston,Montana,03889,-16.973759,42.848254
Makayla Johnson,39,8612 Mark Square,Garcialand,Missouri,09318,-3.992922,-39.127139
Christopher Gaines,73,5392 Candice Flat Apt. 828,Christianville,New Mexico,85665,-166.470573,-1.0101495
Kim Lee,29,798 Curry Squares,Port Jefferyburgh,Georgia,63785,22.890221,-9.034153
Walter Morgan,22,2078 Dustin Landing Apt. 974,Christopherfort,Utah,87955,-11.724294,56.969123
Kevin Williams,44,841 Samantha Villages,North Jeffrey,Arkansas,28003,-140.155485,-37.0663465
Randall Spence,40,345 Ryan Plaza,Lake Joshuaberg,New York,63658,85.016774,-17.456728
Jason Carter,79,393 Torres Islands,North James,Minnesota,57264,113.041118,59.537245
Lisa Jimenez,24,5747 Jonathan Flats Suite 829,Lake Kyle,New Jersey,71778,-8.428000,14.258891
Denise Hughes,79,2508 Julia Fork Suite 049,New Alexander,Vermont,37293,-65.914267,-21.320931
Scott Schneider,38,5936 Steven Shoal Suite 431,Martinezhaven,Washington,94647,27.666350,74.536366
Carrie Salas,29,735 Gallagher Lakes Suite 241,North Bobby,South Dakota,51906,27.072225,9.562821
Karen Martin,43,388 Keith Estates,Davilaville,Wyoming,14230,129.479153,57.096919
Taylor Hines,35,11277 Kimberly Alley,Gibsonton,Idaho,92144,149.862531,24.5402135
Stephanie Richardson,32,1444 Vanessa Loaf,West Nancy,South Carolina,95476,97.737190,-56.102037
Danielle Bishop,64,7185 Jeanette Mountains Suite 268,East Anaton,Vermont,18591,131.703810,13.537391
Tara Payne,59,691 Davis Overpass Suite 378,Shawnburgh,Mississippi,28295,-51.628958,-57.8485695
Courtney Davis,54,38744 Delgado Alley,New Davidmouth,Arkansas,77805,-71.725334,-59.585421
Tonya Lynn,48,02102 Duke Flat Suite 854,Vargasberg,West Virginia,16924,-137.441970,44.636344
Natasha Jordan,68,072 Little Union Suite 983,Taylorstad,New Hampshire,85426,35.959656,-86.6653415
Anthony Klein,27,7186 Lynch Estate,Fordmouth,Utah,05512,-98.821195,45.9073135
Matthew Fisher,35,134 Holder Points Suite 976,Jenniferport,Vermont,57090,122.109619,-89.1854985
Melanie Smith,52,9520 Ellis Camp,Charlesborough,Kansas,84684,104.087031,89.4647885
Matthew Gonzales,76,0266 Diana Radial,West Robert,Montana,78409,159.961165,68.139868
Jonathon Spears,64,184 Joshua Rapids Suite 526,Lake Nicholas,Utah,73477,171.011516,-5.0471935
Christopher Davis,51,7702 Graham Ports Apt. 491,Port Richardtown,Ohio,83991,-88.067857,14.354814
Charles English,34,8937 Alisha Village,Reeseburgh,Arizona,50332,166.697497,-86.922653
Tamara Mckenzie,30,3870 Sharp Point Suite 444,Cortezborough,Wyoming,86159,-83.891344,72.5214195
Sheila Andrade,71,088 Kendra Stream Apt. 158,Port Scottland,New Jersey,20709,83.859230,-45.949208
Allen Nelson,41,010 Greer Creek,Bankstown,Tennessee,23944,37.174542,-29.265480
Melissa Castro,51,54720 Sydney Port,East Christina,Indiana,90228,2.218465,-27.4478695
Heather Simmons,43,81205 Mccarthy Pines,West Donald,Maine,85536,47.234665,-40.0608485
Jessica Perez,63,784 Darrell Viaduct,Port Joshua,Idaho,42877,-53.098013,58.883457
Penny Garcia,75,3850 Avery Ford,Brendatown,Maryland,10931,178.036662,51.181620
Cesar Miller,75,033 Matthew Gateway Apt. 863,Oscarland,Wisconsin,81112,7.221991,-2.520347
Stephanie Ferguson,74,4101 Donna Ports,Port James,Kentucky,31374,156.757783,-10.4939725
Roy Anderson,41,089 Reynolds Cove Suite 981,Lisaview,South Carolina,25054,117.063025,-74.3924365
Judy Michael,23,16890 Willie Wall,Lake Victoria,New York,59901,20.892967,71.8667795
Danny King,71,4685 Crystal Canyon,North Kelly,New York,97791,-122.518020,-3.7627275
Keith Frost,71,044 Brittany Tunnel Suite 444,West Antonioland,North Dakota,97977,40.996606,53.381151
Jay Gross,35,97091 Martin Overpass Suite 455,North Michaelberg,Arkansas,77345,-163.121861,-73.0987845
Randy Robbins,67,252 Richardson Corners Apt. 337,East Margaret,Delaware,24267,-31.876155,-1.1097585
Emily Martinez,24,46423 Mark Islands Apt. 924,New Michealland,Maine,82237,108.066171,-87.4527035
Leslie Cochran,22,52622 Summer Forges,Lake Kayla,Hawaii,63573,-48.084616,82.3366525
Jeffrey Myers,50,60120 Charles Cliffs Apt. 230,Lake Alexa,Utah,11281,-174.104465,-12.0517465
Ryan Sullivan,60,76555 Owens Drives,Dianaland,Nebraska,61828,153.900997,28.5532145
Matthew Marquez,69,10813 Jeanne Canyon,Sharphaven,Missouri,61165,49.120523,83.002264
Amanda Chen,78,742 Tracie Shoal Apt. 579,Millerberg,Mississippi,03473,-170.407702,68.4205995
Tyler Cox,51,6200 William Rapids Suite 905,West Tara,Colorado,51323,40.205971,66.0942915
Stephen Perez,35,38059 Amanda Shore Apt. 218,Port Michaelbury,Rhode Island,48812,-95.465493,80.908007
Danielle Richards,78,762 Kendra Walk Suite 462,West Catherineside,Oregon,28256,-26.564364,-10.524990
Shannon Wilson,42,4075 Melissa Ports Suite 177,West Denise,Idaho,34991,-17.123660,-53.1381445
Richard Fernandez,19,03032 Reyes Ridge,Jessemouth,Oregon,28721,96.389966,54.9062595
Andrew Harrison,46,3973 Cynthia Lake Apt. 786,Jonathanbury,Maryland,93546,-157.251143,79.472972
Devin Mcpherson,53,028 Harmon Estate,Priceshire,North Carolina,48682,177.681042,5.731579
Matthew Alvarez,48,077 Gibbs Springs Suite 790,Matthewberg,Kansas,82993,-30.778384,85.093720
Dr. David Nolan,22,49341 Kristen Meadows Suite 958,Lake Jilltown,Nebraska,81753,2.603909,54.200304
Robert Bean,24,39482 Newman Springs,Jacquelinemouth,Massachusetts,06729,27.642644,-4.4747255
Karen Snyder,39,884 Seth Knoll Apt. 832,Adammouth,West Virginia,21280,168.792988,-58.999186
Courtney Harris,34,6997 White Plaza,Crystalmouth,New Mexico,32859,-49.937964,-36.278368
Travis Walsh,70,968 Sweeney Forges Suite 177,Brittanyville,Mississippi,41628,-90.140014,78.8860205
Jason Baker,53,10529 James Rue,North Alison,South Dakota,91206,88.854505,-21.447636
Sergio Haley,31,594 Donald Wall,Port Lori,Wisconsin,50064,-130.583319,38.959884
Casey Wilson,69,046 Bowman Street,West Daniel,Oklahoma,08125,150.232850,66.248516
Brian Wagner,57,667 Matthew Oval Apt. 114,South Carlosberg,Kansas,90269,-69.663204,24.182453
Chloe Campos,31,83189 Jared Club Suite 528,West Charlesstad,New Hampshire,30702,-125.913858,40.6945145
James Choi,48,05165 Scott Bridge,West Jordan,Louisiana,42186,-91.556099,8.2838335
Matthew Wall,64,42066 Turner Gardens Apt. 149,West Nicholas,North Carolina,57467,-139.631798,-57.453645
Pam Shepherd,65,172 Henry Locks,Benjaminview,Maine,57551,169.197154,-80.6701235
Andrea Hansen,22,2969 Harrison Place Suite 663,Jamesberg,Michigan,63303,-142.207244,-78.458742
Daniel Goodman,45,4306 Nash Junctions Suite 040,North Jonathan,Wyoming,10358,96.677031,-40.303591
Jacqueline Miller,27,702 Thompson Way Apt. 548,North Vanessa,Oregon,71909,143.046592,20.076937
Gregory Allen,75,342 Pierce Lodge,Ericton,Connecticut,30393,179.072638,-65.326336
Diana Baker,33,6467 Bennett Hills Apt. 080,North Sandra,New York,69570,-83.155430,-27.3397315
Taylor Jones,47,5584 Byrd Fall,Medinafurt,Virginia,92625,-114.903915,82.481708
Melissa Wolfe,71,68645 Kelly Centers Apt. 067,South Michaelshire,Tennessee,87967,-49.763076,25.540226
Larry Lyons,79,7851 Nathaniel Canyon Apt. 711,Port Douglas,Ohio,66625,48.750689,-28.5966695
Albert Smith,75,685 Calderon Path Suite 335,Port Brandonfort,Colorado,23010,-176.458204,-58.7806545
Jimmy Spencer,75,718 Nunez Isle Apt. 781,Micheleville,Washington,31208,-65.624832,-20.9661985
Angela Clark,54,775 Julia Shores Suite 890,Christineburgh,Virginia,64929,178.152632,-41.1858005
Margaret Flores,42,1778 Mark Spur,North Wendy,Oklahoma,44732,90.122150,56.7566125
Kenneth Lewis,53,53976 Davis Plaza,North Sandrastad,Arizona,83740,-8.242316,-32.8480025
Kim Cook,53,40847 Peter Underpass,Lake Nina,Ohio,08396,-107.113471,18.8301895
Joseph Bradley,23,4244 Lawson Ports Apt. 369,West Emily,Washington,08190,-95.358054,-88.2782605
Gregory Miller,31,83970 Sara Pike Suite 528,Powersbury,Wyoming,22734,147.326704,-27.0887935
Shawn Hunter,18,843 James Mills,Leonton,Florida,83914,-133.799143,-52.874381
Kristin Mcfarland,21,255 Marcus Flats,Amberfurt,New Jersey,93797,-106.124663,-58.9357395
Adrian Wood,19,617 Robert Greens Apt. 692,Harrisside,Wisconsin,81976,54.987438,83.9567115
Micheal Reid,52,87066 David Burg Apt. 368,Jamesside,Colorado,81373,97.928171,40.819973
Mrs. Kimberly Nielsen,48,118 Patricia Club,Ryanview,Montana,29283,41.799802,-2.2425355
Suzanne Gill,48,19631 Williams Parks,Patricialand,South Dakota,83917,24.249213,-15.976761
Taylor Harris,61,9502 John Club,Jonathanmouth,South Carolina,01390,-104.680137,-55.9575215
Meghan Brown,57,488 Amy Pines Suite 458,West Kristinhaven,Oklahoma,11745,42.268407,22.4718455
Micheal Cardenas,19,72575 Cochran Ville Apt. 927,North Nathanchester,North Carolina,33978,98.196320,39.6985885
Susan Bowen,66,3261 Perry Unions,Port Jacquelineville,New Jersey,81417,157.893196,3.9155435
Dr. Barbara Fields,19,4293 Jennifer Motorway Suite 212,New Mackenzie,California,48456,43.490967,22.2797675
Pam Jimenez,79,275 Lee Prairie Suite 560,West Blakechester,Delaware,42119,11.941869,43.766820
Miguel Burns,42,986 Hebert Track Suite 258,Perezfurt,North Carolina,87659,-101.044266,-61.140777
Mrs. Maria Jones,27,0837 Mcintyre Ports,Dorseyborough,Massachusetts,43215,-168.387525,-29.1221065
Jamie Hall,31,600 Gilmore Centers Suite 589,South Amy,Maine,28425,70.111466,19.275557
Eric Andrews,26,948 Tommy Hollow Apt. 470,Williamsville,Oregon,60681,-62.603660,-40.7417725
Hannah Yoder,73,6462 Duncan Run,Underwoodville,Michigan,66229,-22.141762,-11.5669255
Isaac Morris,38,77671 Khan Plains Suite 029,Jeffreyberg,Massachusetts,76933,-46.271556,55.605487
Sarah Stokes,65,5385 Lori Underpass Suite 545,North Deanfort,Montana,66430,-20.990157,-77.718418
Mary Rivera,68,70848 Burns Meadows,West Kyle,Arkansas,62311,-21.496529,-13.734037
Christopher Gonzalez,41,902 Williams Village Suite 926,East Joshua,Louisiana,59724,44.858740,-57.6602935
Alexis Brennan,71,49437 Betty Shoals,Andersonfurt,West Virginia,70652,13.269500,83.5026515
Melissa Harris,61,5780 Melinda Stream Suite 421,Wilsonbury,Maryland,61444,108.455700,-50.1017175
Gregory Mason,56,013 Tucker Cove,North Larry,Utah,75157,14.123230,-54.928137
Catherine Hoffman,70,8065 Kenneth Trail Suite 287,Port Tabitha,Pennsylvania,22972,64.230738,47.9292055
John Nelson,54,1765 Travis Creek Suite 058,Rhondaview,Louisiana,57029,-50.076050,-83.8773095
Lindsay Gonzalez,78,60961 Alyssa Islands Suite 446,North Anthonyhaven,New Hampshire,93389,136.679327,-38.2621815
Michaela Johnson,70,837 Gardner Ridge Apt. 483,Scottstad,West Virginia,04536,-139.244578,58.3009075
Michael Parker,27,63118 Wilson Crossroad,Andrewfort,Alaska,66703,39.117681,82.2085115
Theresa Bean,47,99575 Woods Haven Suite 379,Sandrafort,Oklahoma,12204,-16.847617,56.5033775
Cynthia Johnson,56,75626 Steven Lodge Suite 485,Johnville,Michigan,16666,80.680904,23.204290
Stephanie Adams,59,078 David Street,Nolanfurt,Oregon,73253,-59.716229,-36.908303
Elizabeth Bailey,80,34074 Rebecca Squares Suite 980,East Michaelbury,North Dakota,35493,16.900057,23.072719
Roy Berry,21,2008 Daugherty Terrace Suite 996,Lake Jacob,Delaware,32130,-43.351828,-19.429943
Karen Murphy DVM,52,9166 Davis Ranch Suite 464,Christianberg,Arizona,93768,-45.196375,30.449351
Paul Johnson,45,733 Judy Roads Apt. 930,Adamsmouth,Nevada,23252,-74.999787,-15.4105915
Jennifer Blair,37,824 Brett Spurs Suite 744,Crystalport,Texas,12203,101.906238,-44.767321
Tammy Lee,44,335 Williams Centers Apt. 881,Lake Matthewside,Rhode Island,13767,167.686735,-68.918822
Andrea Grant,59,901 Kevin Village,Joelberg,Wyoming,08130,167.766376,49.878877
Matthew Mann,58,430 Duncan Course,New Derekborough,Connecticut,01478,-48.744918,52.3710775
Aaron Carroll,75,48481 Dawn Spurs,Port Richardview,New Mexico,50642,-42.698394,-32.715258
Brian Maldonado,72,144 Wright Mountains,Jonesfort,Wyoming,84204,141.021064,80.4306735
Juan Gilbert,52,163 Walsh Springs,Millschester,Mississippi,93802,-138.194851,2.795056
Haley Espinoza,57,8551 Proctor Streets Apt. 339,Ballardborough,New Hampshire,17085,35.892214,-42.9593415
Charles Barker,68,53913 Samuel Summit Suite 190,Murrayland,Oklahoma,25892,3.013031,10.411553
Sandra Patrick,36,36782 Darlene Parkway,Carterfort,Vermont,34906,37.932927,-15.603905
Adam Lyons,49,05575 Pamela Courts,Cynthiafurt,Florida,57720,-150.950892,43.7663475
Elizabeth Hernandez,21,0569 Ryan Isle Suite 196,Reedfurt,Wisconsin,35653,-165.107490,47.906706
Kimberly Lowe,79,342 Lindsay Courts,West Emily,North Dakota,89301,-63.231650,23.0358565
Janet Dyer,63,10093 Mark Junctions Suite 144,Sarahview,Mississippi,50353,153.155717,70.0749445
Charles Freeman,51,2498 Miller Crest,New William,Louisiana,50741,-150.905539,-81.8244025
Eric Walton,36,775 Tammy Drive Apt. 213,Lake Hunter,Arizona,32545,-89.573265,48.454470
Christine Velazquez,49,148 Elijah Manors,Port Susanfurt,Missouri,80562,-31.195234,60.8252615
Courtney Combs,56,3656 Julie Unions,Dunnville,Vermont,45349,63.642407,-78.2780105
Michael Reese,47,15690 Brown Well Suite 815,Evanhaven,Georgia,26532,115.567718,-20.6166935
Raymond Reese,57,20353 Williams Crossing,Bennetthaven,Wyoming,85958,-20.974099,26.114768
Teresa Castaneda,68,0280 Reeves Inlet,New April,Rhode Island,34646,-76.892720,-71.682838
Shawn Adams,57,5999 Jonathan Wall,Cooperbury,Connecticut,17371,-35.961102,-62.0596865
Sally Hill,26,5038 Johnson Greens Suite 612,North Angelaton,Michigan,15207,-179.045609,-85.1461225
Mike Flores,79,356 Stephanie Lane,Kristahaven,North Dakota,41575,99.531575,-86.9503445
Joseph Brown,80,5399 Lamb Falls,East Catherinefort,Nebraska,87662,-150.971775,65.122211
Aaron Snyder,21,9269 Garcia Shore Suite 417,Taylormouth,West Virginia,63378,-41.060423,21.521265
Wendy Peterson,30,3168 Lisa Points Suite 854,Karenfort,Texas,53789,-126.887384,-19.6812375
James Beltran,32,9468 Singh Forest,Nelsonton,North Dakota,34047,164.723820,77.1933815
Jessica Schmidt,47,39209 White Spring,West Joebury,Montana,17377,128.977970,49.3739255
Jamie Pratt,74,3097 Davis Drive Apt. 610,Sarahville,Massachusetts,33687,23.618650,-76.364418
Christine Martin,45,3009 Macdonald Spur,Charlesfort,Missouri,77689,8.142073,7.4050425
Joseph Poole,78,40033 Elizabeth Cape Apt. 167,North Janet,California,24873,110.926969,-35.5134385
Donald Barajas,53,66969 Derek Rest,East Christinahaven,Arizona,00556,63.411547,-64.2678835
Toni Wilkerson,63,1671 Anne Isle Suite 058,North Sylviamouth,Massachusetts,71205,-155.026156,65.7680275
Stacie Cobb,23,31762 Kimberly Village Suite 919,Port Katie,Minnesota,68672,57.415841,3.3706205
Terry Brown,73,91274 Tucker Hills Apt. 936,Gregoryville,Florida,02443,-164.336419,-71.8753775
Stephanie Berry,39,227 James Circles,East Timothyborough,Colorado,29590,-174.504987,-23.886371
Kerry Nelson,75,12077 Alexandra Trail Suite 717,New Adam,Montana,97604,-91.069398,50.5901775
Lindsay Martinez,77,95737 Seth Harbor Apt. 119,Lake Caitlinborough,Michigan,32125,-86.877643,26.733445
Nicole Pope,39,0077 Nicholson Trafficway,East Neilchester,New Hampshire,09120,17.604099,74.706626
Jacqueline Rivera,34,810 Barrera Knolls,East Casey,Pennsylvania,58533,175.804117,-60.3559935
David Bird,75,792 Daniel Oval Suite 986,Lake Jamesside,Washington,24543,146.115582,2.1202765
Mrs. Wendy Cameron,38,12591 Cindy Station Suite 838,South Karenchester,Arizona,15604,-43.580646,49.3589245
Terri Garcia,52,15607 Lisa Stream,Christopherport,Utah,86384,-42.164190,23.524699
Kirsten Dennis,18,618 Lisa Divide,North Michele,Illinois,57339,126.513661,35.6367215
Natalie Bailey,80,92471 Kristina Via Suite 392,Lake Amyfurt,Maine,39720,112.297032,38.869902
Mark Vega,74,4553 Fuller Crescent Apt. 155,East Valeriefurt,Maine,79088,91.547831,-42.935278
Blake Lopez,53,3307 Davis Centers Suite 910,Dyerport,Alaska,59290,-61.288303,-39.7102185
Melissa Frederick,23,32779 Wolf Shoal Suite 147,New Nathan,Alaska,23955,136.219320,-59.0054465
Mrs. Jessica Edwards,77,7783 Laurie Way Suite 587,Trevorfurt,Illinois,83482,5.903028,-9.887002
Nina Dean,24,082 Christopher Mountain Suite 320,South Corey,New Hampshire,07203,17.961287,-30.789482
Julia Brown,67,548 Long Road,Gamblefurt,Alaska,35045,-18.161347,80.644865
Chad Carrillo,65,8029 Denise Green Apt. 100,Port Nicole,Massachusetts,96954,-94.742304,-4.7682435
Jacqueline Thomas,30,894 Rachel Forest Apt. 318,Lake Juliaton,Wisconsin,75132,-151.047631,45.4767755
Teresa Haynes,68,9156 Mcgee Spur,West Henryhaven,Utah,39279,20.074083,0.985853
William Hale,49,39783 Jesse Road Apt. 713,Jillview,South Carolina,85447,-170.182337,76.358486
Diana Silva,33,693 Andrea Island Apt. 686,Melindamouth,Pennsylvania,27423,-43.212914,78.5252155
Scott Murphy,72,06185 Philip Port Suite 664,West Normaberg,Hawaii,03994,98.649567,-76.1621455
Leslie Smith,48,12075 Kerr Gardens,Powellport,Illinois,73131,61.378072,27.6961075
Joshua Willis DDS,73,68361 Lisa Freeway Apt. 302,North Jamesbury,Wyoming,72272,173.756861,-17.4171175
Ryan Collins,80,0613 Randy Village Apt. 588,Port Kennethport,Texas,90341,-27.436858,86.597849
Kimberly Vazquez,77,73931 Christian Stravenue Suite 258,Wilcoxhaven,Michigan,85382,80.525205,-53.231229
Kimberly Lewis,23,14666 Samantha Cliffs Suite 513,New Patrickbury,Missouri,39712,-107.470559,68.8558085
Holly Ramirez,29,072 Kyle Lodge,Theresafort,Delaware,41941,91.256343,-32.1585205
Richard Long,40,1239 Bobby Branch Suite 585,West Vicki,Iowa,21541,-34.891742,78.932087
Thomas Long,52,8103 Miller Ville Apt. 985,Lake Keith,South Dakota,49830,143.892193,23.2791145
Robert Castillo,19,71312 Dakota Common Apt. 638,Bonniebury,Alabama,29044,-80.967264,-60.4381115
Brenda Garrett,26,106 Brooke Spur Suite 076,Garrettville,Kansas,29284,-171.466480,4.086298
Jason Edwards,23,523 Warren Plains Suite 982,Rebeccashire,Kentucky,15000,88.584610,-14.026693
Denise Castillo,20,786 Shah Alley,North Lisa,Alabama,25192,29.864106,5.1405245
Dennis Hale,30,25396 Jane Groves,North Taylorshire,New Hampshire,54770,165.733501,42.204973
Joshua Howell,80,0062 Patterson Summit Suite 615,North Karenport,Georgia,01759,-114.133525,-86.314733
Ashley Fox,64,5055 Dickerson Tunnel,South Kimberlyburgh,Nevada,05285,92.913592,-9.620673
Brett Montgomery,75,4567 Thompson Spring Apt. 634,Davenportton,Alaska,74166,-80.397648,4.688868
Meghan Flynn,59,1632 Graham Stravenue Apt. 869,Yolandaport,Virginia,21676,2.268224,-72.8415095
Ryan Vega,46,5925 Moore Extension,New Austin,Alaska,48081,59.260506,-56.813514
Wanda Mendoza,61,62424 Le Rest Apt. 317,Port Pamela,Missouri,82332,13.816293,-20.917770
Terri Sullivan,27,577 Nancy Plaza,Elizabethmouth,Michigan,75771,45.934168,1.8384705
David Morrow,75,54371 Dan Grove Apt. 349,Bryantland,North Carolina,02527,55.555656,80.120036
Mark Riley,79,253 Matthew Ports,Troyhaven,North Carolina,96442,94.057701,-46.923258
Melissa Montgomery,54,77265 Nancy Island,Maryside,Florida,38134,127.407802,2.919211
Dylan Davis,54,1732 Richardson Land,Lake Theodore,Kansas,66753,83.453676,-50.808479
Brian Roth,27,168 Mckee Meadow Suite 996,New Ericfort,Oregon,65958,-99.276797,39.933410
Timothy Martin,19,583 Joshua Islands Apt. 223,North Alexandrafurt,New Jersey,15490,-72.813059,-71.1747925
Christina Jones,47,09168 Jones Drive Suite 025,Port Josephmouth,Kansas,74266,24.148248,69.9077505
Lori Moore,44,877 Samantha Parkway,Port Brian,Ohio,24677,-179.096466,-74.055481
Erin Fields,46,81131 Caitlin Brook Apt. 694,Warrenhaven,New Jersey,33816,-14.090302,25.941367
Julie Walsh,72,39872 Timothy Bypass,Bakerfort,Oklahoma,80351,-16.820156,16.7617535
Phillip Wood,23,00368 Neal Prairie,Port Dawnton,South Carolina,96485,-148.675572,-23.8735795
Tyler Ramirez,49,495 Hudson Keys,Aaronland,Missouri,25767,-172.268674,56.1360945
Jennifer Harris,65,334 Christopher Locks Apt. 127,North Amanda,Florida,45123,83.679892,61.405768
William Burke,44,9901 Johnson Ramp Suite 591,South Lisaton,Florida,19304,55.421417,85.0368755
Jason Jackson,60,26977 Donna Shores,Hatfieldland,New York,05442,-63.628529,79.068654
Michael Marquez,75,50002 Martin Lakes Suite 930,East Brooke,Delaware,95451,-123.787767,-32.7148055
Adrian Todd,35,640 Schwartz Pine,New Brandonstad,New Mexico,02079,11.384096,-56.7168645
Pamela Anderson,23,78391 Skinner Causeway Apt. 784,West Tarachester,Texas,13837,69.240726,8.655016
John Welch,50,59235 Pamela Bridge Suite 871,Port Kaylee,Indiana,60549,124.931450,23.9199775
Kristine Hahn,30,0869 Nunez Gateway Apt. 450,Jenniferhaven,California,79410,41.107061,-28.9183215
Charles Cox MD,57,4479 Johnson Street Suite 159,Edwardsshire,Mississippi,39900,-158.197856,-5.2657815
Connie Francis,21,52234 Joseph Spurs Apt. 411,East Isabellaborough,Idaho,51325,7.162394,-61.960417
Christopher Smith,28,1806 Parker Ford,Jenniferfort,Iowa,46940,78.923925,13.3980145
Melissa Powell,22,334 Conley Lodge,East Richard,Rhode Island,84801,-96.864294,0.8949195
Jessica Dixon,21,2804 Brown Hill,Lake Alicia,Mississippi,10120,72.375237,-32.7955665
Sherri Sanchez,68,8045 Dean Streets Suite 608,Lake Tamaramouth,Florida,46902,170.191444,25.8168325
Michael Nelson,43,84327 Page Rest Suite 533,West Karenmouth,Ohio,56797,-171.091845,66.0200595
Jenna Lara,67,5360 Nathaniel Forge,Jennifermouth,New Jersey,41125,-150.605409,-20.606934
Steven Meza,36,2657 Mark Port Suite 685,West Lauren,Kansas,74420,-93.323071,-24.577523
Ruth Davis,55,360 Taylor Stream Suite 157,South Mike,Michigan,97872,-164.128526,18.2290315
Pamela Vasquez,77,828 Caroline Pass,Lynchbury,Wyoming,26417,-98.112321,-66.1695585
Richard Johnson,31,604 Bryan Village Suite 730,South Trevor,South Dakota,62987,-58.355021,-61.4339935
Gary Curtis,69,4041 Kevin Mountains Suite 156,Smithbury,Rhode Island,46136,-134.893521,21.5678405
Clinton Hill,60,5550 Sydney Walks,Gonzalesburgh,Idaho,43891,-160.303926,66.583011
Elizabeth Wright,78,245 Huynh Junctions Suite 058,South Loganside,California,54836,-141.675398,29.265644
Joseph Gordon,59,851 Robert Center Apt. 771,East George,Ohio,77740,151.462489,-68.6043835
Stephanie Diaz,58,6733 Jessica Street,Lake Lawrenceview,Virginia,80906,20.045168,53.510462
Tracy Potts,50,8537 Ray Vista Apt. 686,New Louisberg,Minnesota,17423,-26.214741,41.914005
Rachel Foster,37,858 Lee Cove,North Jorge,Ohio,36771,0.615721,-69.0950855
Cynthia Tate,74,39491 Brooke Key Apt. 142,Floresland,North Dakota,00674,144.625368,63.2805235
John Jefferson,18,7031 Phillips Trace,South Jamesshire,Ohio,01673,-131.261257,-77.304349
Samuel Thomas,78,05182 Rebecca Drive Apt. 196,Pattonview,Florida,24276,-66.991826,8.326029
Todd Flores,62,47254 Johnson Squares,New Miguel,Minnesota,53353,-90.853793,-35.102685
Derek Franklin,41,6030 Jeffrey Avenue Suite 985,South Robert,Vermont,82050,38.941765,42.8728855
Ashley Jackson,61,721 Clayton River Apt. 171,Port Jasonbury,Kansas,59181,90.095646,-32.165042
William Jimenez,57,733 Gonzalez Coves,Dianabury,Ohio,14775,-31.536320,-70.698947
Catherine Taylor,45,682 Noah Shores,Rachelborough,Louisiana,46906,79.969632,-21.2262185
John Joseph,71,437 Nicholson Camp Apt. 069,Lake Tracy,Pennsylvania,94729,54.897944,15.511260
Adam Lopez,23,4515 David Road,Lake Davidhaven,Washington,75585,-61.047475,27.402977
Lydia Logan,38,06696 Jenna Overpass Suite 576,Amandaland,Montana,89037,-129.620743,71.504336
Jennifer Steele,52,214 Murphy View Apt. 846,Lake Elizabeth,Oregon,18689,56.423654,72.2809405
Wesley Humphrey,62,681 Lisa Glen,Mitchellshire,Kansas,85953,-116.748257,-32.586872
Crystal Allen,53,5777 Collier Plaza,Ramirezville,Rhode Island,73953,-28.727597,-42.5282605
Jennifer Gallagher,64,39260 Michelle Flats Suite 323,North Michelle,Oregon,71974,-132.567257,59.0349035
Julia Wagner,40,0865 Angela Greens,Johnsonborough,Arkansas,86464,133.495291,80.0218285
Christina Payne,78,8156 James Overpass Apt. 891,West Matthew,North Carolina,46893,-41.510686,36.905575
Zoe Aguilar,66,8205 Kelley Summit,Williamsborough,Hawaii,68994,-102.651708,-33.014393
Barbara Mann,27,18706 Holly Key,Port Michaelport,South Carolina,54538,127.844580,-15.790980
Darryl Mcclure,68,4274 Robert Manors Suite 703,Gonzaleztown,Oregon,24053,-99.790046,35.508661
Tracey Bryan,28,4908 Gonzales Courts,Campbellview,New York,31020,-50.451043,58.7572265
Katherine Brown,69,667 Linda Plaza,West Ashley,Mississippi,05533,-102.887523,37.075575
Sarah Taylor,50,6415 Stephen Parkway,Port James,Indiana,35912,135.824533,-9.689714
Jennifer Woodward,22,6001 Davis Drive Suite 555,Mitchellmouth,North Carolina,96004,-142.153685,-1.555162
Ian Logan,32,6078 Burton Wall Apt. 395,North Garrett,West Virginia,23726,-89.797741,-18.9097625
Karen Rodriguez,45,7894 Jeffrey Lakes Suite 566,Daniellechester,North Carolina,32919,100.518970,18.0553425
Christopher Ingram,18,76779 William Skyway,Kiddtown,Illinois,41020,14.832568,19.1869805
Mrs. Amber Miller,37,909 Porter Isle Suite 299,Ashleychester,Wyoming,66132,65.256831,-37.9117665
Shelley Miller,56,093 Skinner Center,New Travisburgh,Alaska,43082,-154.983049,87.4826905
Jason Savage,39,9917 Cox Highway Suite 985,Katherinefort,Wyoming,48458,-178.186727,-75.492839
Alexis Brown,40,28294 Mayo Fall Suite 967,North Alanberg,Hawaii,77481,-50.002865,87.160533
Nicholas Taylor,56,6835 Evans Radial,Taylorburgh,Iowa,08293,-48.366719,69.7432745
David Warner,66,13437 Jordan Stravenue Apt. 188,South Reneeburgh,Colorado,01939,-174.655798,17.3907725
James Henderson,20,9973 John Crest,North Thomasberg,Oregon,91484,-46.898115,-13.9539365
Lisa Carrillo,61,7436 Ronald Ranch,Lake Charles,Pennsylvania,59476,113.174188,79.177841
Kyle Haney,26,66269 Thomas Forks Suite 818,North Steven,Oklahoma,45856,-11.424500,-56.6516445
Erik Gonzalez,56,3525 Johnson Burg,East Chelseaborough,Florida,78634,9.770601,17.143465
Clarence Baldwin,46,52091 Hannah Junction Apt. 936,Ryanmouth,Utah,14566,151.249637,-12.9688465
Melissa Robinson,36,9463 Raymond Tunnel,Douglaston,Iowa,84606,-18.643403,57.498832
Elizabeth Delacruz,40,58781 Elizabeth Estate,Port Williamport,Rhode Island,04479,-150.985031,42.650175
Nathan Guzman,62,30526 Gregory Stravenue,West Brandonbury,Delaware,25671,-151.590371,-82.5946355
Jennifer Knox,71,99820 Paula Pine,Kanemouth,Michigan,11202,97.891413,61.1045235
Angela Reed,57,5085 Moon Avenue,West Heatherton,Michigan,96485,92.109050,64.7043145
Alexander Edwards,37,0462 Payne Ferry,New Ashley,Rhode Island,46969,-29.582725,-77.3421555
Jason Chen,25,957 Laura Mission Apt. 191,West Markport,Alabama,62512,9.508946,68.707612
Diana Marshall MD,44,0789 Roman Alley,North Wayne,Oregon,40206,131.392114,85.507676
Jennifer Schroeder,31,726 James Views Suite 909,South Dana,Maine,60795,-86.842407,-1.7635765
Joshua Freeman,29,452 Griffith Run,Franklinton,Utah,11117,131.537099,-75.198492
Elizabeth Ruiz,51,933 Valdez Cliffs,Lake Joshuaton,Texas,42775,133.502121,61.8956975
Mrs. Virginia Hebert,77,2207 Julia Center,Duffyberg,South Dakota,56962,-168.141327,-63.6700275
Mary James,73,36801 Steven Ports,Grayfort,Kansas,22182,126.003403,48.5568045
Bradley Smith,67,73217 Amanda Creek,Fuentesside,Montana,61347,8.200336,-14.5247355
Brent Vang,45,0308 Hicks Point,East Barbara,New York,25658,-125.146505,46.531365
Michael Walker,66,66320 Michele Ways,Leahfurt,Delaware,54521,-94.205520,-77.690025
Deanna Padilla,30,45440 Nicholas Heights Suite 367,New Sandra,Maine,91321,30.103063,24.784678
Joyce Dunn,26,91865 Samantha Shoal Suite 218,South Michaelville,Delaware,59346,-117.669366,-37.9069715
Rebecca Bradford,52,3529 Lauren Island,Michellefort,New York,52837,-28.159821,-65.0303615
Ricky Gomez,76,162 Monica Pike,North Jennifer,Delaware,01743,118.865112,-82.3551035
Lori Duncan,39,5951 Stephanie Track Apt. 859,Avilaburgh,New Mexico,69110,48.744311,72.3228735
Candice Howard,40,64345 Anna Loaf Suite 023,Scottfurt,Ohio,85928,-109.523572,15.4483535
Christopher Velasquez,38,8950 Mary Expressway,Port Keith,Kansas,14791,25.760916,-78.176750
Ann Barber,55,62953 Davis Parks,Christophermouth,California,07553,-35.981649,63.9359795
Jessica Griffin,28,7062 Daniel Street,Patrickport,Texas,49283,13.359418,-36.805841
Angel Brooks,71,342 Ellis Cove Suite 927,Barkerberg,Louisiana,28680,86.859485,-75.3698625
Gerald Smith,58,185 Kirsten Valleys Suite 106,Port Joseph,Wisconsin,58228,33.302705,-21.180034
Julie Gillespie,54,4767 Sims Valleys Apt. 923,Millerbury,Ohio,36216,88.065470,73.0957325
Joyce Terry,80,28793 Laura Square,East Ethan,Utah,02851,146.053771,11.1441585
Mr. Eric Hamilton,46,1365 Gregory Brooks,Courtneyville,North Carolina,49483,30.512957,-41.482504
Matthew Mendez,39,77437 Rivera Isle,East Cathy,South Dakota,48067,118.587594,-87.752275
Michelle Hernandez,71,7421 George Ports,East Ann,California,86424,-82.988855,-51.455783
James Knapp PhD,49,1395 Christopher Islands,East Karaborough,Georgia,59807,44.921740,67.143042
Stephanie Smith,23,672 Elizabeth Glens,Port Amandaburgh,Alabama,12917,45.232236,-9.7754465
Jacqueline Hernandez,75,570 Robertson Oval Suite 233,Lisaberg,Ohio,87024,-124.155651,88.3043825
Andrew Hayes MD,68,197 Mcdonald River,Andrewton,New Hampshire,48371,133.775121,62.1647555
Clifford Hurst,56,99179 Nicholas Stream,North Christopher,South Carolina,96440,170.512561,42.5116975
Kristine Richmond,37,569 Mark Lock,East Jeffstad,Delaware,53784,13.102617,30.148403
Mark Swanson,64,06489 Robertson Port Suite 953,Lake Caitlin,Michigan,82259,65.205446,-20.2674015
Tracy Ramos,62,01003 Sanford Hills,Candiceville,Colorado,72232,0.882998,-73.2457995
Austin Ross,65,874 Bell Ways Apt. 341,New Joe,Oklahoma,48166,-71.017482,20.209437
Brittney Estrada,28,4964 Douglas Street,Michaelside,Maine,75265,176.707644,-48.8177595
Michael Simmons,57,49207 Maria Run,Lake Edwin,North Carolina,29038,151.750960,-15.546345
Alec Diaz,57,08488 Alyssa Villages,Johnsonberg,Alabama,18477,-177.813014,51.465200
Brian Alvarado,80,90364 Schroeder Center,Lake Katherine,Michigan,89933,113.773765,-23.953045
Jared Reid,79,952 Martinez Corner,Jamestown,Alaska,13315,38.434971,29.0114315
Stephanie Boyd,29,9599 Spencer Pines,New Juanbury,South Carolina,39499,-10.789652,27.6671715
Jeffrey Shaw,47,6224 Blackburn Landing Suite 352,Lake Benjamin,Washington,96606,43.216593,-66.1515475
Roy Simpson,77,9566 Ruiz Wall Apt. 615,Patelbury,Rhode Island,69627,-87.470357,-0.2780755
Michael Thomas,46,1442 Tammy Crossroad,East Dianaport,Minnesota,94674,144.276069,75.2857345
Bryan Castillo,79,3282 Kristina Ridge,Port Nancy,Missouri,33828,17.184743,-20.1861455
Daniel Evans,64,2560 Goodman Lakes Apt. 610,North Brian,Montana,72072,148.563405,17.861786
Jennifer Sandoval,25,23987 Soto Squares Apt. 325,Rebeccastad,West Virginia,59917,98.796252,-84.5774665
Stephanie Delacruz,72,437 Marvin Views Apt. 181,New Richard,Colorado,71030,118.622347,-52.379535
Kristin Murphy,68,27993 Dennis Land,New Sabrina,Kansas,69054,-21.298833,84.184994
Sandra Rocha,53,992 Cory Trace,Patrickville,Idaho,13873,131.887227,68.1309135
Gregory Jackson,56,02645 Michelle Motorway,Toddton,Arizona,83986,119.376834,-11.4602055
Abigail Ford MD,50,1730 Adams Extension,Jamesbury,South Carolina,06311,-27.375188,4.688157
Debra Simmons,26,24070 Kristen Causeway,Davidfort,Pennsylvania,87714,-167.928346,14.4792985
Laura Huynh,19,1547 Mark Ramp Apt. 098,Davilashire,New York,32449,-14.141938,-33.9419715
Edward Manning,69,20681 Jack Club Suite 439,Joshuaberg,Utah,16746,-91.665364,22.087855
Miss Miranda King,23,705 Isaiah Station,South Evelyn,Virginia,02782,108.119186,-8.990003
Crystal Reeves,68,189 Julie Trafficway,Jamesborough,Montana,01019,-84.652076,-35.594854
Paul Ochoa,66,765 Jones Extensions,Port Lindsay,South Carolina,26347,-62.442281,33.3787125
Kimberly Gutierrez,54,51025 Cassandra Prairie,Tracitown,Colorado,98809,-177.190214,-46.6774645
Kathryn Graham,22,218 Hunter Passage,North Carla,Wisconsin,78970,9.580474,53.9669065
Warren Mccarty,30,4087 Anthony Crossing Apt. 321,East Jeffrey,Montana,28141,77.524500,-58.256709
John Smith,70,65108 Dixon Trail Apt. 056,Brewerhaven,Kansas,02163,-158.772187,78.2375625
Sarah Harris,45,66702 Susan Forest Apt. 762,Petersonmouth,North Dakota,73852,-104.855270,-87.3377935
Karen Todd MD,52,2967 Joyce Extension,Baileyburgh,Missouri,35282,158.405659,27.835342
Austin James,54,4195 Deborah Throughway,Rossport,Rhode Island,25958,-91.002822,-50.1229915
Steven Barron,47,00550 Richards Street,Olsonmouth,Idaho,37398,-32.405166,-46.922515
Cheryl Coleman,74,706 Turner Turnpike,North Haileyshire,Nebraska,24979,-155.501909,-15.344459
Joshua Lewis,71,60173 Cole Lodge Apt. 514,North Josephville,Alabama,26671,-155.574773,-48.197725
George Jackson,26,31803 Alyssa Rest,East Tiffanymouth,South Dakota,29348,37.814564,-76.918466
Brandi Meyer,23,925 Myers Pass Suite 114,North Eric,California,38284,126.784507,35.157664
Mary Sanders,28,9744 Martin Keys Suite 060,Castroberg,New York,62332,-138.468469,46.556034
Aaron Orozco,79,8393 Gabriel Prairie Suite 783,Tiffanybury,Colorado,85415,-103.304185,-62.152541
Laura Mason,65,1080 Dylan Bridge Suite 960,Bentonton,Nevada,20485,-105.272276,24.703862
Vincent Lopez,36,8674 Villa Crescent Apt. 142,West Paulchester,California,57597,-163.198171,67.5008175
Casey King,60,115 Kelly Pass,Karinamouth,Montana,87062,-114.509352,-62.4643895
Taylor Wright,31,141 Rose Stream Apt. 407,North Paulaside,Oregon,43710,102.999647,-39.9641865
Monica Ramirez,78,00058 Davis Mission Suite 146,Saraside,Alaska,00918,-176.930217,-58.4598885
Hannah Jackson,76,731 Elizabeth Lights Apt. 283,North Ronaldburgh,Tennessee,99592,-35.192597,33.830415
Julie Murphy,36,552 Daniel Roads Suite 341,New Lawrence,Virginia,76186,-123.974201,10.676844
Brian Hamilton,76,8038 Charles Locks,Lake Bethville,South Carolina,85420,-35.770223,80.828741
Michael Campbell,49,1230 Nichole Pine Apt. 405,Kimmouth,Nevada,10248,-81.561405,-81.774186
Patricia White,18,5033 Wright Causeway Suite 360,Emilyton,North Carolina,02577,-135.452302,75.2190445
Jerry Williamson,22,783 Powers Summit,Munozmouth,Arkansas,32188,61.123634,-61.039834
Steven Ramirez Jr.,50,573 Campbell Crest,North Paulland,Georgia,78386,-99.936036,67.8434935
Nicole Lewis,27,41073 Courtney Ways,Lake Jessicaville,South Carolina,02793,-147.726017,19.668669
Todd Hicks,41,5372 Dean Gateway,Matthewland,Florida,62805,-103.499632,-74.2238155
Carol Fields,32,7751 Hardy Throughway Apt. 323,Justinville,Oklahoma,73585,-11.192086,71.7406085
Amanda White,34,921 Sarah Fort Suite 588,East Mary,Hawaii,91052,77.490135,74.157352
Megan Peterson,64,0249 Todd Glens Apt. 686,Port Garyland,West Virginia,77897,-101.489181,-43.8999565
Charles Howell,56,43562 Ashley Street,Lake Kristinport,West Virginia,70836,-159.252178,-3.3522755
Debra Watkins,73,36650 Kim Prairie Suite 826,South Aaron,Utah,83259,79.017163,33.894435
Denise Escobar,73,0124 Schneider Park Apt. 993,Elizabethmouth,Utah,90235,-78.579971,37.364217
Willie Flowers,40,3748 Jason Crossing Suite 303,North Jeffreyview,Minnesota,58619,-25.252799,-74.4531205
Rebecca Cox,65,93427 Baldwin Mountains Apt. 946,Campbellmouth,New Hampshire,95697,-39.396786,1.394423
Douglas Mejia,71,045 Ian Squares,Snyderport,South Carolina,99149,97.495130,87.2192785
Terri Rose,74,45575 Angela Lakes,Port Kaylashire,South Dakota,95449,22.771672,1.3883715
Wendy Jordan,59,629 Smith Ridges,Jeremymouth,Iowa,65982,114.889867,-1.200468
Emily Hurley MD,28,8024 Simmons Drive,West Caseyview,Utah,24099,149.622541,71.6551605
Ricky Watkins,66,886 Maria Stream Apt. 833,Justinberg,Texas,76464,-139.021657,-13.9604225
Elizabeth Valencia,72,158 Brady Brook,Port Patricia,Indiana,56865,-38.929545,-76.687541
Denise Rose,39,85723 Heidi Village,Kelseyside,Florida,98105,53.971367,25.526325
Nancy Flores,77,49209 Berry Ports Apt. 727,Joelborough,New Hampshire,92370,-47.069198,-0.1609545
Jessica Morris,57,0376 Gardner Via Apt. 352,South Kristopherton,Nebraska,76057,14.674972,57.1934955
Gregory Adkins,58,147 Gina Crossing Suite 683,Michaelchester,Oklahoma,47406,154.384786,-78.615104
Beverly Parker,73,3578 Black Alley Suite 383,New Valerieview,Wyoming,05808,-96.544719,-76.137288
Joseph Lopez,57,846 Erica Harbors Apt. 998,North Erikfort,New Hampshire,68224,157.981946,85.5716915
Lisa Wright,48,50076 Johnson Ports Suite 216,West Davidbury,New Mexico,78297,-169.319398,-77.2814385
Rhonda Burnett,70,015 James Throughway Apt. 720,Lake Kristin,Alabama,44583,-70.150481,16.911630
Glenda Little,18,03959 Golden Underpass Apt. 122,East Cassandratown,Massachusetts,82972,32.753384,83.129883
Joshua Greene,56,1234 Lopez Lock Apt. 644,Mcneilmouth,Wisconsin,69503,-26.839843,-61.5248015
Jennifer Daniel,42,2588 Russell Keys,North Kim,Pennsylvania,91574,141.084263,-51.135055
Charlotte Carson,55,7733 Renee Isle Suite 603,Jamestown,Texas,96446,-112.128569,-43.6150165
Danielle Carson,64,3882 Adrian Plains,Sosaland,Maine,86802,-24.406955,13.062715
David Abbott,43,07514 Collins Port Suite 174,South Brian,Nevada,74703,65.203159,23.887643
Patricia Bruce,20,2476 Blake Terrace,Bassshire,South Carolina,46574,159.373753,72.952279
Cynthia Fernandez,75,9385 Jesse Row Apt. 048,North Barbara,Wyoming,03279,-95.222713,47.792384
Joshua Hartman,35,955 Jenkins Tunnel,South Brandon,Colorado,80266,-162.184924,68.154375
Robert Yoder,54,47504 Cohen Circle Suite 350,Christinetown,Vermont,63179,171.590492,-15.9220335
Ruth Parker,66,69403 Bell Crescent,New Joshua,Mississippi,60165,102.087198,20.1175795
Richard Adams,68,52233 Joseph Street,East Dawn,Connecticut,74598,-125.332257,-69.347407
Ryan Lin,46,461 Jensen Key,Amyland,Missouri,19273,60.807554,-38.5220625
Julie Nelson,33,725 Thomas Mountain,Johnsonfort,Arkansas,11860,7.011207,-77.396914
Abigail Wilson,33,9557 Anna Junction Suite 696,South Marktown,Louisiana,57061,28.250059,70.8096005
Daniel Gardner,65,955 Crawford Loop Suite 385,North Richardshire,Iowa,33473,104.433765,-28.5337365
Noah Mclean Jr.,57,757 Nelson Wall Suite 883,Mathisshire,Utah,24547,-129.791006,-23.9436745
Margaret Peterson,39,5406 Lori Square,East Randy,North Dakota,55927,-8.073617,48.8411065
Gail Dougherty,32,5259 Anna Burg,South Kristen,Minnesota,06942,-114.319392,49.1551435
Kathy Scott,79,067 Barber Squares,Davidborough,Kansas,92492,169.430969,85.3875465
Lonnie Nichols,79,8439 Sandra Stravenue,Costabury,North Carolina,87990,124.471801,62.5681625
Kristina Vega,80,01976 Solis Trail Suite 779,North Matthewborough,South Carolina,96434,7.827369,-18.1600705
William Bradley,79,9027 Teresa Plains Suite 281,Lake Angelastad,Oregon,49237,-146.911271,-82.3575995
Benjamin Campbell,77,226 Wilson Mall,Lake Katrina,Kansas,44598,-9.305654,-39.1073745
Brian Norris,19,59936 Janet Springs Suite 186,West Chelsea,Vermont,43881,95.970591,-76.874283
Chase Simmons,70,77875 Brandon Crossroad Suite 517,West Kathleenmouth,Minnesota,57543,-129.139871,69.2033255
Meredith Scott,71,72910 Robbins Islands,Jamesberg,Kansas,01783,2.167512,24.7871045
Stephen Vance,22,16957 Amanda Street,Rachelfurt,Illinois,01801,-20.181060,-55.4445995
Jennifer Burch,38,20477 Nicole Mills,East Kristopher,Indiana,60801,-172.923397,54.3332495
Michelle Garrett,23,22009 Mann Flats Apt. 235,East Danielshire,Tennessee,25628,-64.665567,-6.9279665
Tina Malone,73,34952 Porter Extension Suite 881,Lowechester,Washington,86113,73.750713,-71.312507
Jorge Williams,64,6473 Tony Flat,Lake Vanessa,Massachusetts,30478,-32.834183,87.738070
Tiffany Wood,74,29072 Patrick Port Apt. 068,Shermanchester,Connecticut,13144,86.910912,-75.637835
Scott Wade,49,1462 Carroll Estates Suite 459,East Josephton,Utah,17656,-25.960932,78.137061
Jessica Wang,20,004 Michael Coves,Bradleyville,Arkansas,00857,-77.936310,84.055591
Laura Mays,42,9937 Troy Radial,North Samanthastad,Nevada,71758,177.997822,42.6522075
Grant Jimenez Jr.,62,156 Leon Drive Suite 481,Port Anthony,Arkansas,75562,-28.474985,-70.9048755
Misty Knight,62,6493 White Glen Suite 113,Jamesland,Wisconsin,29370,-5.913434,-73.2270555
Kathleen Dunn,34,20541 Gonzalez Underpass Suite 720,Riceberg,Nevada,04553,-34.622150,-70.0909265
James Ellis,28,3104 Jennifer Square,West Jamesside,New Mexico,20564,142.247859,24.0883795
John Carpenter,39,3439 Castillo Landing,Port Judy,Utah,19661,-106.286548,45.306390
Jon Benjamin,69,0396 Johnson Mountain,Fryfurt,South Dakota,24486,-115.990749,-75.666965
Charles Chase,25,749 Rosario Forge,Port Gloria,Maryland,79266,-6.088116,54.335884
Patty Bullock,41,737 Underwood Springs Suite 026,Port Gregorybury,Louisiana,56744,-174.789237,-11.290299
Mark Baker,36,90928 Wyatt Forks Apt. 215,Steinburgh,Montana,92730,104.042468,30.639840
Adam Johnson,44,19626 Cassidy Shoal,Kelseyshire,Michigan,15568,-5.329419,-86.2786515
Lauren Powell,48,437 Teresa Mountain Apt. 497,Cortezbury,Tennessee,11406,138.570318,-61.210601
Joseph Wang,61,124 Martinez Unions Apt. 300,Watsonville,Wyoming,23667,10.973565,-41.906793
Misty Kidd,34,0645 James Court Suite 761,Wardville,Pennsylvania,15830,105.768545,-17.9576125
Rachel Peterson,66,0413 Teresa Landing Apt. 509,Danielhaven,Maryland,27242,-27.796078,88.3864475
Peter Oneal,38,5771 Samantha Branch,North Brucefurt,Delaware,23673,101.199367,85.849469
Michael Barker,50,4112 Sara Cliffs,North Joshua,New Hampshire,17731,151.208975,20.974533
Amanda Padilla,75,57575 Kristen Overpass,Lake Cody,Texas,91764,21.571644,-17.9254895
Julie Simpson,41,4505 Gardner Land Apt. 172,Aliburgh,Texas,42079,154.930455,-14.7049965
Bruce Cunningham,45,36862 Mark Canyon Apt. 223,Loganmouth,Illinois,11914,42.839608,69.1873705
Adam Hopkins,52,9952 Davis Views Apt. 424,West Natalieborough,North Dakota,35197,-9.664450,50.8156215
Nicole Zhang,57,4173 Burns Rapids Apt. 310,Sanchezberg,Kansas,88086,-38.497636,-77.077469
Cody Hughes,18,80265 Brown Terrace Suite 453,Laraport,Michigan,33198,-81.215330,56.8499235
Michael Rodriguez,79,02746 Warren Ford,West Tara,Vermont,22840,-112.494819,2.386861
Brian Torres,28,9668 Chad Roads Apt. 730,Ruizshire,Maine,65714,-152.037295,-46.893485
Darrell Flores,73,05375 Smith Ramp,South Craigtown,Nevada,97562,-123.875692,-63.1125215
Gary Mendoza,74,15350 Freeman Place Suite 785,Port Austin,Oregon,02204,102.937039,-63.2070395
Daniel Ramos,71,420 Powers Circles,Murphyfurt,Maine,88091,126.701453,86.060590
Reginald Evans,56,2708 Breanna Oval,Port Jose,Minnesota,45489,70.957492,29.666484
Samuel Hunter,79,1918 James Walks Apt. 631,Rosarioton,Mississippi,23666,74.362385,-87.311963
Joseph Bell,51,314 Allen Dale Apt. 863,Port Jenna,Iowa,36969,-63.807731,54.944402
Paul Gutierrez,42,782 Melanie Corner,Taylorburgh,Minnesota,41924,-166.057681,-75.0978585
Michelle Baird,77,4364 Roberts Forks Suite 380,Port Christina,Louisiana,57205,155.556310,-87.1752505
Kristin Mason,74,0902 Aaron Mills,Susanburgh,West Virginia,73958,-36.311444,7.5618075
Edward Hartman,80,42782 Gregory Trafficway,Watersmouth,West Virginia,15985,89.476784,24.937052
Vincent Lopez,78,735 Gutierrez Forks,Rebeccamouth,Wisconsin,73421,-164.176760,47.581683
Kimberly Martinez,33,82992 Andrea Spring Apt. 522,Reidton,Florida,62698,-172.701006,5.6682005
Susan Leonard,38,231 Tammy Plaza,Jasonton,Alaska,33017,151.166832,64.769461
Cole Williams,34,84780 Kevin Keys Suite 231,North Michelle,Colorado,34423,114.035663,-56.536352
Bridget Murphy,20,4370 Powell Radial Apt. 895,Christineberg,Alabama,57945,-30.427635,22.027546
David Velez,63,892 Crosby Mills Suite 844,New Deborahview,New Mexico,27458,-124.783060,79.356720
Samuel Kirby,64,470 Arnold Parkways Suite 849,Millerland,Missouri,18734,64.932794,-44.1534775
John Barton,30,86916 Edwards Skyway Suite 341,Mcmillanfort,Arizona,01810,-90.301839,-57.997329
Laura Gonzalez,73,89236 Ward Plaza,West Kenneth,Michigan,44658,-22.191726,-74.341940
Mike Lowe,21,39070 Thomas Summit,New Davidchester,Oklahoma,71106,25.052166,-13.8380235
Jacob James,47,4292 Maxwell Ford,Ramirezville,Alaska,32413,-40.479468,19.8774885
Kathleen Hull,32,861 Steven Station,Lake Wendy,Utah,11181,53.564855,-34.577355
Robert Schultz,72,2402 Vance Flat Suite 428,Jeffreystad,Wisconsin,22245,-25.951758,-7.4421505
Samantha Rodriguez,38,0417 Mclaughlin Trafficway Suite 140,New Megan,New Mexico,73391,-165.514876,-2.2658385
Margaret Cummings,64,16199 Gordon Port Suite 357,East Seanland,Nebraska,95810,-1.674896,-30.020567
Joshua Johnson,67,8412 Richard Vista,Bradleychester,Maryland,53511,144.942882,-72.905931
Logan Underwood,43,120 Davis Loaf,Davidmouth,Michigan,14504,-178.339573,35.331801
Daniel Reed,41,3941 Boyd Cliff Apt. 825,Lake Laura,Texas,84018,-21.746928,-56.7749785
Michael Benson,78,64562 Singh Green,Port Keith,North Dakota,33449,-82.840821,-87.7019815
James Phillips,67,129 Clark Falls Suite 699,Port Jenniferport,Connecticut,81273,27.348229,86.349488
Julie Jones,24,2553 Fernandez Turnpike Apt. 613,Port Joshua,Hawaii,53212,87.355573,83.318442
Amber Mccormick,71,3293 Adam Village Suite 925,North Ashleyborough,Washington,32132,123.740848,-62.3631945
Vanessa Smith,41,1932 Carrillo Parks,Lake Natashatown,Vermont,74063,178.158905,-65.3634095
Daniel Smith,48,1913 Castro Viaduct Apt. 900,Johnsonville,Hawaii,30502,177.681831,-44.5128765
Gabriel Wong,37,10395 Rodgers Mews,Benderburgh,Texas,44513,-135.889324,33.9403145
Logan Baker,68,1046 Jones Flat,Richardsview,Idaho,23313,-156.456522,88.704657
Melissa Donaldson,52,76947 Margaret Route,Jordanmouth,Montana,21118,20.379787,87.451597
Tyler Moon,42,44219 Bass Mountain,Mitchellmouth,Virginia,25394,-148.854501,87.147404
Christopher Contreras,18,4676 Contreras Shore Apt. 820,Candacefurt,Iowa,67272,38.308095,-15.8718375
Jerome Ward,31,137 Morales Forest,Flynnchester,Tennessee,46154,-38.246658,-27.3587435
Robert Lucas,68,48977 Carney Brooks Suite 542,Parrishchester,Louisiana,60587,-100.329821,10.1622505
Crystal Molina,72,144 Tina Knolls Suite 927,West Tyler,Kansas,74046,102.680262,-43.0158615
Bryan Meadows,48,501 Ayala Lodge Apt. 444,North Raven,Arizona,02483,-161.041646,-45.5006125
Randy Koch,72,497 Douglas Port Apt. 191,North Raymond,Pennsylvania,04173,22.099113,62.074939
Julian Clark,64,71558 Luna Drive Suite 109,West Richard,Wyoming,10985,-46.410048,69.3283455
Brandon Smith,76,12073 Patrick Spring Suite 429,East Williamville,Wisconsin,64920,92.009193,57.7099315
Dr. Jessica Orozco,37,6255 Veronica Shores Suite 111,New Sandra,Missouri,69723,-76.734220,-38.093713
Stanley Mckinney,27,26917 Smith Course,Nicholsville,Pennsylvania,17320,-13.898666,-11.823776
Gregory Myers,33,2099 Weiss Shoals Suite 754,Lake Jasonview,Arkansas,84607,-0.257520,55.4223885
Sandra Hanna,55,46236 David Villages Suite 919,West Karenhaven,South Dakota,98390,4.808199,-20.957427
Cynthia Roberts,38,776 Wayne Stream,Whiteside,Arizona,45106,-143.623849,79.1065775
Lindsey Evans MD,67,3827 Love Motorway Suite 052,Lake Joel,North Carolina,86982,-117.073773,1.888550
Michael Olsen,18,6957 Allen Green Suite 991,East Nicole,South Dakota,88511,55.842063,-28.771299
Annette Lane,80,283 Reeves Cove,Port Sethhaven,Oklahoma,74564,24.625155,-26.0100815
Melanie Brewer,50,9854 Julie Lodge Suite 256,New Nicholasfort,Vermont,91782,105.264773,39.513511
Collin Moore,63,407 Matthew Extension Apt. 061,Laurenport,North Carolina,72058,-156.295208,56.2197625
Dylan Williams,29,71660 Henderson Vista Apt. 423,New Ericberg,Oregon,82048,119.827784,10.775959
Nancy Murphy,53,731 Evans Landing Apt. 860,Port Michael,Connecticut,90794,-17.404368,-75.0323245
Edward Robertson,34,9139 Bryant Mission Suite 653,Jennaland,Mississippi,52059,-31.418508,73.1320315
Elizabeth Lane,32,8100 Amy Parkways,North Stephen,Minnesota,18132,-157.888739,38.3829985
Michael Wood,67,50981 Marshall Place Apt. 359,Lake Stanleyberg,South Dakota,92621,-96.001970,56.757644
Christopher Zhang,22,392 Middleton Junctions,New Patriciabury,Ohio,60791,-99.096539,25.181848
William Gutierrez,73,2865 Reginald Flat,West Dana,South Carolina,82232,-147.841206,85.2645455
Renee Fuller,74,156 Anthony Ridges Apt. 243,Schneiderberg,Virginia,21479,-26.505910,74.1579625
Isabel Fowler MD,49,8840 Allen Parkways Suite 385,Leehaven,Louisiana,41343,-22.829286,41.263234
Jeffery Ponce,25,93977 Janet Station,Karenport,New Mexico,31296,133.296541,0.984235
Ronald Anderson,46,460 Cynthia Curve,Annetteview,New Hampshire,94735,161.769959,-74.0582795
Chelsea Howell,38,447 Lawrence Summit Suite 421,Lake Meganburgh,Montana,15498,-20.140617,-43.164513
Kelsey Wells,25,200 Gregory Port,Garzafurt,Hawaii,28713,38.677840,-53.151413
Crystal Sandoval,57,8864 Joseph Knoll,New Joshuabury,Oklahoma,80340,50.707475,-14.562854
Thomas Browning,46,9437 Stevenson Plains,East Debbie,California,34916,-20.139132,6.4435965
Christopher Moore,78,141 Hill Run,North Jasmineberg,North Carolina,05034,-148.762622,20.9632885
Gregory Mcbride,37,3152 Anthony Islands Apt. 621,Smithstad,Tennessee,38596,-40.939059,-79.6051745
Colton Castillo,45,8413 Katherine Forges Apt. 211,Stephensburgh,Indiana,66102,-65.563855,50.198298
Andrea Nguyen,44,8828 Buckley Corners Apt. 473,Hendersonstad,New Jersey,95736,169.748304,-21.928519
Tammy Diaz,55,92222 Wade Common Suite 012,Hancockton,California,76960,-5.138620,-41.683160
Stephen Robinson,69,26153 Cisneros Orchard Apt. 407,East Angela,Nevada,13117,168.962915,10.3611675
Timothy Peterson,53,79881 Robinson Lakes,Caseland,Oklahoma,65736,174.438152,10.1001615
Daniel Summers,71,3919 Gabriel Shoal,North Victoriachester,Massachusetts,61664,137.895375,64.3441735
Matthew Weiss,39,29461 Escobar Ports,South Carriehaven,California,02959,18.746896,89.8482285
Erika Johnson,50,9149 Jackie Station Suite 036,Gregorystad,Alaska,53217,27.001558,4.9583015
Christopher Guerrero,40,371 Mathews Landing Apt. 291,Danielmouth,New Jersey,62002,-108.707221,36.425091
Derrick Murphy,50,790 West Landing Apt. 221,Port Scottborough,New York,72901,88.998566,3.4010505
Miranda Horne,70,761 Hunter Bypass,Toddhaven,New Jersey,78872,-46.349260,89.557399
Laura Gomez,34,509 Jim Stravenue Suite 954,Drakeport,Iowa,57971,120.992394,67.276753
Jesse Baker,18,151 Adam Islands,Port Grant,Missouri,42437,-19.187587,8.8291595
Alexis Evans,76,183 Garner Harbor Suite 925,East Laurenfort,Indiana,58322,133.024127,42.055776
Heather Gordon,25,8240 Young Spur Suite 069,Port Tami,Connecticut,06092,79.826332,59.195257
Nicholas Armstrong,38,38530 Carrie Mountains Suite 012,Port Meganbury,Kansas,20319,-116.913728,61.5316755
Brent Brown,38,7143 Joel Court,Kathrynchester,Missouri,06288,-38.276535,3.6014345
Charles Dennis,45,3011 Benitez Track,Karenview,Delaware,69269,-87.872152,32.0151975
Maria Graves,40,9127 Ball Rapids,North Stephaniebury,Kansas,12849,-27.995749,69.415262
Andrew White,40,370 Brown Oval,Port Nicholas,Illinois,80170,140.530943,13.6642045
Calvin Martinez,43,86108 Caitlin Cliff,Karenport,Ohio,40159,-18.252573,-62.937457
Sara Riley,77,2570 Russell Spurs,Aimeechester,Washington,16674,-66.981634,80.370763
Brandon Mclaughlin,26,374 Snyder Walk Apt. 137,Lake Jenniferburgh,South Carolina,42343,-98.280665,44.589877
Nancy Mcmahon,63,51340 Cuevas Pines,Port Davidchester,New York,38836,137.423164,86.0601985
Elizabeth Campbell,38,31082 Jasmine Mission,Millerton,Oklahoma,17641,-19.855109,60.5349905
Thomas Bruce,59,69785 Jessica Walk Apt. 801,East Pamela,New Jersey,23072,-16.637267,42.2437895
Mark Rodriguez,23,1861 Chloe Ramp,West Mary,Texas,93110,-43.827795,3.068633
Pamela Huynh,28,0244 Mcintosh Spring,New Virginiamouth,Arkansas,58637,-84.615826,46.986095
Nicholas Martin,30,44868 Matthew Street Apt. 374,New Patrick,Florida,09025,-104.456345,18.5352635
Sarah Hickman,78,472 Michael Place,South Aaronland,Tennessee,97564,-11.209998,-58.591719
Samantha Gibson,37,06463 Eaton Valley Apt. 776,Payneborough,Arizona,39270,17.186355,71.1609625
Cristian Mullen,57,2179 Reginald Estate Apt. 852,Owensmouth,Iowa,69631,-138.259175,-17.798163
Heather Knight,53,12222 Jennifer Bridge Suite 847,Williamfort,Nevada,48064,-143.163480,-84.1490585
Mrs. Tammy Allen,32,37546 Smith Center,Jenniferborough,Florida,37441,-145.157164,-52.144007
Brittany Morrison,35,363 James Springs Suite 092,North Marie,Kansas,78813,9.876468,-85.7402415
Donna Nguyen,68,5012 Davis Place Apt. 602,North Tyler,New York,73104,-69.333316,-43.7418335
Francisco Johnson,29,610 Warren Key,North Denisestad,Rhode Island,30469,141.224896,29.6181765
Phillip Pineda,41,57551 Hogan Grove,Moodychester,Minnesota,73696,1.996178,-25.5381175
Lauren Harding,45,52014 Thompson Rue Apt. 610,Alexbury,South Dakota,45941,-177.602489,88.8744365
Darin Woods,31,719 David Plaza,Stevenfurt,Hawaii,43727,92.945614,72.325616
Dustin Bauer,26,6515 Rowe Run Apt. 401,North Shawnbury,South Carolina,86300,12.667525,5.8777205
Kristin Turner,33,2722 Fernandez Glens Apt. 693,Kylestad,Alabama,25090,176.716557,26.5663015
Elizabeth Turner,69,363 Gibson Dale Apt. 308,North Desiree,Oregon,87312,-171.411477,-70.3008615
Patrick Baker,19,46958 Cisneros Summit Apt. 212,Jacobburgh,Alaska,14298,-113.762783,-65.042985
Catherine Howard,22,75230 Michael Burg,East Kathryn,West Virginia,37893,-69.558205,7.7906235
Anita Pruitt,31,108 Lindsey Wall,New Karenchester,Oregon,60151,174.029672,-77.714030
Crystal Jordan,40,43425 Luis Field,North Sherry,Arizona,63008,-37.627341,45.5698015
Dawn Lopez,79,479 Valenzuela Fields Suite 363,Vickibury,New Mexico,07577,-168.401350,-66.5701065
Scott Francis,67,4541 Valerie Squares,Millerfort,Kansas,66848,34.065813,28.136573
Cindy Hernandez,39,2868 Kennedy Square,New Susanside,New Mexico,17399,16.305225,-5.9911495
Patrick Johnson,37,7040 Hess Extension Apt. 838,Matthewhaven,Oklahoma,96613,94.105346,10.396841
Michael Jones,31,9713 Michael Forge,East Tristan,Utah,07892,45.062953,-34.4993105
Margaret Robinson,66,52459 Gonzalez Circles,West Ashleybury,Maryland,88497,-76.301949,11.0319315
Timothy Hall,25,62625 Tapia Islands,Orrborough,Wisconsin,29166,-156.546394,61.4443735
Nicole Davis,78,21386 William Trace Suite 760,South Amber,Alaska,38780,-11.395059,-30.2860135
Diamond Villanueva,30,69797 Turner Village,Hernandezland,Pennsylvania,17230,91.029932,-75.7124715
Pamela Weaver,49,1531 Miller Tunnel Apt. 559,East Robert,Maryland,78481,-100.016817,-41.099485
Zachary Joseph,37,29381 Hamilton Shoals Suite 279,Pamelachester,Tennessee,26250,-142.326714,-35.198671
Tonya Lynch,54,8691 Rachel Branch,Loriview,Connecticut,09564,19.571788,57.087850
William Cook,28,59396 Patricia Spring Suite 924,South Rachel,Oklahoma,02438,-164.796271,-20.9629955
Kevin Henderson,38,878 Vincent Meadows,South Judyborough,Connecticut,12930,2.057497,37.0844175
Brandy Salazar,61,768 Copeland Squares Apt. 934,Wardburgh,Utah,98607,117.016432,-34.355978
Todd Washington,77,39438 Thompson Underpass,Ramirezfort,Minnesota,91303,97.544672,28.069847
Hannah Cruz,79,92457 Aaron Forks,New Denisemouth,Tennessee,98916,4.808487,20.6004045
Mary Porter,52,686 Jessica Bridge,East Monica,Arkansas,55469,-104.438665,29.6025205
Heather Rogers,51,5836 Julie Port,Haydenview,Tennessee,41843,-14.677649,-30.203842
Jessica Oconnor,32,65563 Tiffany Motorway,Hannahport,Kansas,76857,-98.138842,81.2193385
Jonathan Williams,60,87294 Kennedy Haven,West Mauriceview,Indiana,45110,-120.064477,-6.971147
Ashley Schmidt,58,6288 Emily Crescent,New Thomaschester,Mississippi,83939,169.390072,71.4093975
Julia Elliott,44,3001 Ashley Landing Apt. 984,Smithport,Nebraska,33399,101.401282,-28.6579235
Rachael Walton,32,106 Bryant Estate Suite 205,Saramouth,South Dakota,04235,-43.690877,39.094136
Hannah Allen,64,3234 Santiago Passage,Gregoryshire,Maine,42420,-159.753174,26.9689775
Tammy Navarro,60,1740 Keith Isle Apt. 288,West Shannon,California,67315,118.159998,-83.742535
Elizabeth Gonzalez,53,6739 Jones Turnpike,West Johnberg,Hawaii,49655,144.281759,-15.5215755
Nicholas Bryant,63,631 Christopher Ports Suite 116,New Travisview,Tennessee,43754,-97.492895,-87.088889
Joshua Campbell,76,362 Miller Manor,West Kathleen,Alabama,84025,94.222558,-70.7572555
Dana Key,37,220 Kennedy Stravenue Suite 262,Lake Paigeborough,Delaware,47498,-113.860474,-58.1361125
Andrea Crawford,58,696 Eric Common,Jenniferchester,New Hampshire,74513,-120.827900,-38.697129
Angela Cunningham,33,036 Castaneda Corners,Codymouth,Mississippi,29989,-169.327608,-25.126228
Kathy Johnson,45,489 Kimberly Haven,Andersonville,Illinois,39451,-141.668476,31.0508495
Charles Mckenzie,62,37348 Christine Greens,Martinland,Georgia,10329,-36.161341,6.7199515
Mr. James Lee PhD,31,387 Walsh Light Suite 681,East Lauraville,Illinois,72544,18.314422,66.228394
David Rice,76,944 Traci Field Apt. 924,West Samanthachester,South Carolina,59730,-104.179121,-71.217494
Megan Carter,24,1752 Castillo Grove Apt. 075,Port Christian,Kentucky,98903,-148.380832,46.870729
Randall Cherry,69,4601 Bell Drive Suite 305,Reyesshire,Nevada,77366,-171.044781,65.5331495
John Hebert,79,10958 Caitlin Parkway,North Brian,Nevada,22559,-75.223479,7.289040
William Bentley,22,369 Amanda Pike Suite 188,Jamiebury,Arkansas,86249,-7.284805,15.7713615
Carlos Gomez,38,255 Adam Shoal Apt. 694,Johnsonfurt,Kansas,43334,25.885551,-14.2512285
Joanna Pena MD,45,456 Hendricks Run,Toddland,New Mexico,16475,98.852147,-58.4775055
Tabitha Montes,40,32601 Adams Groves Suite 994,Anthonymouth,Texas,73067,33.230639,-52.842746
Shane Duncan,51,12938 Rivers Mountain,Lake Robert,Arizona,67986,84.469896,82.2766805
Stacey Randolph,52,87385 Joseph Stream,North Jonathan,Michigan,42290,-109.106895,-63.391340
Sarah Chan,23,6238 Parker Freeway,Port Jane,Maine,41261,-120.908007,-11.9923205
Jeffrey Collier,80,569 Marsh Via,Herreraview,Nevada,67066,-81.698391,-10.076309
Adam Ryan,79,00706 Hall Park Suite 310,Elliotttown,Mississippi,50650,-51.409180,86.219250
Abigail Keith,48,312 David Island,Escobarhaven,Kansas,29898,161.467582,11.509245
Haley Johnston,21,6064 Debbie Passage,East Dominiquetown,Missouri,27131,-78.999541,83.1331795
Lisa Nichols MD,72,772 Foley Estate Apt. 050,New Robertport,Wyoming,22785,-86.991733,44.6268435
Joseph Golden,44,8507 Lam Trace Suite 715,North Jasonburgh,Idaho,13041,60.551054,46.9903805
Tammy Skinner DVM,59,520 Chandler Place,Edwardbury,Alabama,46192,154.548568,-74.9807235
Heather Wilson,42,37667 Wilson Road Apt. 673,Pooleton,Alaska,51734,158.521089,49.746253
Stephanie Huff,62,0388 Jerry Knolls Apt. 092,North Rita,Nevada,82777,52.764362,25.513376
Kayla Thompson MD,76,31113 Gonzalez Rapids,South Dominic,Maryland,47797,22.869683,50.2446435
Roger Jacobson,64,15638 Walker Underpass,Lake Anthony,Louisiana,86436,-53.043118,-29.653156
Kristin Moore,24,6104 Benjamin Passage,East Toni,Maryland,64374,70.027438,61.021717
Christopher Long,29,380 Margaret Circles,Annefort,Maryland,94786,48.882396,69.9659135
Anne Lambert,59,1294 Charles Coves Suite 665,Austinfort,Texas,69774,-133.610354,5.6556005
Ross Clayton,21,305 Brian Dale,Patriciaburgh,Alabama,01217,-176.960641,33.7720785
Mike Bowen MD,28,447 Martin Parkways,West Michaelborough,Delaware,28891,144.253123,3.5625115
David Davis,38,357 Sarah Course Apt. 533,Perezville,Delaware,99782,18.596235,40.492846
Ian Torres,57,237 Williams Unions,Scottstad,Wisconsin,76881,96.571416,53.9904595
Gavin Galloway,54,02642 Martin Extensions Apt. 804,Lake Chad,West Virginia,16177,-112.224055,-5.490175
James Santiago,47,06471 Singleton Camp,Kimfurt,Washington,51796,-23.760778,78.122973
Louis Phillips,60,8987 Bell Plaza Apt. 925,East Robert,Hawaii,03694,-105.781401,52.7071945
Anthony Simon,30,84686 John Garden Suite 391,Summersview,Washington,07316,45.467824,-28.290649
Damon Reid,67,74968 Daniel Island,North Danielbury,Ohio,67229,133.457259,-58.738360
Amanda Summers,53,915 Dunn Unions,North Charles,Idaho,98828,-147.145585,-31.9602275
Lisa Strong,35,954 Cameron Village,Ethanchester,Idaho,41776,-61.629415,-16.528094
David Miller,79,18972 Deborah Mill Suite 037,New Amandaton,Illinois,45341,73.757710,38.4425745
Mr. James Mckee,30,8883 Smith Radial,North Ryan,Colorado,52177,-178.639523,59.1553225
Lisa Gregory,53,1908 Wright Wells Apt. 133,South Juanstad,North Carolina,47719,-144.285459,57.168786
Jason Hunt,26,66232 Bradley Valley Suite 261,Hughesfort,South Dakota,27079,140.183285,15.1632355
Jason Soto,20,23728 Foster Mountain Apt. 178,Woodsshire,California,57754,-146.864201,-20.0279415
Melissa Evans,80,5315 Bolton Parks,Brooksland,North Dakota,95157,131.865327,19.4025175
Jeff Harris,23,27954 Karen Loop,New Brendafort,New Hampshire,04637,6.290301,-37.9339785
Christopher Mcgee,57,646 Victoria Divide Suite 121,Samanthastad,Nevada,88332,-101.970045,-10.2830925
Katherine West,19,1118 Mark Keys Apt. 924,Darrylburgh,Colorado,91440,4.817637,-24.755277
Whitney Stewart,29,3739 White Mountain,Danielmouth,New Hampshire,07411,133.928691,-59.6635385
Crystal Lee,25,2578 Brown Villages Apt. 529,Thomasfurt,Vermont,67973,-94.367344,-16.790921
William Woods,59,811 Thompson Squares Apt. 996,New Timothy,Hawaii,02293,119.266748,-23.158761
Connie Wolfe,39,3667 William Crest,Austinstad,Kentucky,71882,34.221084,13.577737
Robert Jackson,63,1149 Cooper Tunnel Suite 586,South Melvin,Massachusetts,46927,-179.933908,47.896039
Henry James,41,0135 Sarah Prairie,Robertberg,South Carolina,94855,56.047656,38.080635
Sierra Landry,30,537 Rojas Parkway,New Daniellemouth,Utah,76730,166.822196,-38.8150925
Edward Hodges,75,775 Ronnie Garden,South Gregoryfurt,Alabama,12677,27.135554,-20.1431955
George King,35,02831 Taylor Turnpike,Huntbury,Iowa,54766,-68.754033,30.157929
Bryan Barr,38,980 Megan Causeway Apt. 941,Sotochester,Michigan,35438,165.167736,66.3240605
Joshua Mckay,59,8262 Owens Crossroad,Lake Zacharyport,Missouri,69487,-25.715104,-46.821451
Noah Jones,34,87906 Kristin Way Suite 529,Lake Catherine,New Jersey,82342,-114.194161,39.0513175
Cheyenne Murphy,47,2496 Smith Gardens,Lake Samantha,Maryland,40939,-116.615164,-49.6984355
Randy Garcia,18,3133 Williams Course Suite 287,East Amandamouth,Pennsylvania,08001,146.690691,-45.9852035
Anthony Cook,35,67722 Valencia Motorway,Lake Stephenborough,Texas,37434,-143.588090,84.824128
Sheena Jordan,61,07076 Robert Lane,Port Jonathanmouth,Oklahoma,06438,-9.612178,-73.477396
Dr. Courtney Todd,67,21938 Kim Trace,Port Heatherburgh,Maryland,81047,133.894808,-63.919205
Gregory King,29,12363 Samuel Row,Port Karla,Mississippi,81273,91.353493,-72.7886265
Ronald Montoya,52,2767 Melissa Course,Thomasberg,California,69954,90.525155,-44.0478225
Melinda Williams,34,794 Steele Street,South Andrewberg,Alabama,69931,-167.362349,21.267485
Rebecca James,36,761 Gonzales Tunnel Apt. 617,Amandamouth,Oklahoma,25419,124.532480,-17.9301305
Pamela Nolan,29,696 Herrera Lodge,Wadeborough,Utah,11665,5.481346,-19.437949
Mike Cox,30,16988 William Fork Apt. 644,Youngton,Iowa,08374,153.102174,58.8939635
Elizabeth Mitchell,44,2747 Scott Parks Suite 540,Shawnahaven,New Jersey,41227,171.626511,-28.958527
Angel Taylor,60,987 Gray Ports,Kimview,Massachusetts,52832,-71.759510,47.517058
Emily Shea,24,332 Miller Junctions,Martintown,Hawaii,90983,-3.127932,45.025907
Dr. Leslie Brown,80,6425 Martinez Ramp Suite 190,New Peterberg,Nebraska,27551,-57.293114,-44.221448
Terry Hudson,49,115 Adams Junction Apt. 778,Kellyport,Iowa,11438,81.764891,87.928242
Christine Russell,35,569 Jackson Square Apt. 742,Williambury,Ohio,29494,152.721027,15.675731
Lauren Hernandez,67,536 Lewis Spurs,Whiteport,West Virginia,70866,9.193837,67.237716
Raymond Ellison,31,33098 Brooke Skyway,West Amber,Michigan,75740,161.329578,-17.3418105
Steven Moore,58,74760 Cheryl Inlet,Lake Robertchester,Connecticut,49619,-142.359114,42.7522085
Michael Spencer,37,1977 Emily Lakes Apt. 621,Christopherview,Florida,57948,-34.058072,66.4004675
Nathan Wood,50,6743 Perkins Center,Lake Jason,Alabama,04462,-121.125270,-52.736163
Mr. Cody Peters,47,72834 Theresa Pines Suite 336,Port Bradleyborough,Kentucky,46961,23.223573,-40.523183
Jeanne Thomas,72,03609 Collins Village Suite 028,Lake Ryan,Idaho,04191,-143.295124,-73.441498
Russell Brown,56,8280 Arias Crescent Suite 213,New Samanthafort,Alaska,59844,56.569910,48.627467
Lisa Hubbard,39,407 Eaton Shoal Suite 225,Lake Karen,North Dakota,76086,-174.065478,39.8835605
Kathryn Johnson,61,24594 Hubbard Centers,South Joseph,Indiana,20689,-61.104645,68.9185775
Jennifer Kane,58,46265 Nathaniel Drive Suite 289,South Williamburgh,Oregon,74267,26.467400,26.179935
Daniel Ryan,26,5167 Pugh Forges,North Michele,Washington,79923,-85.439422,83.4800605
Stephanie Thompson,55,63247 Johnson Skyway Apt. 726,West Edwardburgh,Arkansas,13482,86.637328,-8.0834915
Jamie Johnson,63,76008 Matthew Creek,East Jonathan,Connecticut,40801,161.789871,-26.886848
Carolyn Thomas,63,302 Olivia Forks Suite 542,Dustinport,Nebraska,74628,97.109746,-31.277878
Michael Rocha,26,613 Robert Green Suite 062,Gregoryton,Virginia,45116,56.014463,45.6862425
Charles Robinson,59,7017 Thomas Underpass Suite 192,Port Gregoryfurt,Louisiana,71710,43.572834,-77.8172925
James Wagner,56,6250 Dana Harbor Suite 958,Kellyville,Mississippi,76331,-108.179981,-17.6389575
Katherine Davis,61,72261 Ramos Row Suite 334,North Donaldmouth,Maryland,25172,165.530444,-18.3409385
Daniel Jackson,79,4852 Butler Field Apt. 426,South Kathy,Minnesota,05314,-115.242054,51.1866205
Derek Gilbert,71,233 David Crest Suite 452,Rowechester,California,42398,51.546448,82.839597
Carlos Hobbs,57,1885 Pamela Club Apt. 390,Jasonport,New Jersey,25134,84.169175,37.3290205
Pamela Lopez,20,8300 Banks Street Suite 678,Port Christopher,Alaska,54820,88.553542,11.4372305
Peter Johnson,41,971 Laura Island Suite 908,South Julie,Georgia,22377,104.498797,-78.349115
Patricia Johnson DVM,71,2117 Walker Springs Suite 158,Angelafurt,North Carolina,04601,-172.809378,-15.776299
Shannon Sosa,24,08310 Mills Expressway Apt. 727,Allenborough,Wyoming,16700,105.960200,-52.7670535
Ryan Allen,61,662 Hubbard Ways Suite 851,Lake Andreafurt,South Carolina,92767,8.099012,76.978541
Logan Hester,72,957 Karen Lodge Suite 156,Yanghaven,Rhode Island,34488,-155.690568,8.754112
Jeffery Rodriguez,54,81110 Matthew Burg Apt. 926,Port Jeremy,Connecticut,97512,-148.946798,12.9897435
Courtney Campbell,20,23480 Harris Trace,West Samueltown,Vermont,92385,20.400563,-61.4546545
Michael Montgomery,76,809 Velasquez Hollow Suite 624,Kellyhaven,Maryland,71897,-171.204227,-78.3414175
Katherine Weiss,75,67447 Crystal Plaza,Rebeccastad,Alaska,82867,21.458882,76.174742
Danielle Wang,25,84063 Christina Lane Suite 072,Hernandezville,Georgia,16784,157.427096,-53.490785
David Nelson,38,5262 Walker Villages,Brownton,Indiana,95061,-120.432987,13.5180725
Tara Mitchell,26,37847 Cody Loaf,Lake Josephview,Kansas,37526,101.557784,66.485710
Kristen Randall,38,516 Perry Hills,Lindseyland,Florida,90362,-23.909032,57.9960215
Lauren Scott,53,266 Julie Row Suite 803,Lake Kevin,Tennessee,58389,-159.858531,-70.6344505
Jennifer Newman,23,73759 Ramirez Plains,Leeshire,Delaware,99500,-84.085079,-30.4753075
Jesse Mccall,30,9936 Katie Motorway,East Joannastad,Illinois,94631,8.837715,0.134451
Michelle Montes,63,05871 Wolf Wall Suite 732,Gallegoston,Pennsylvania,10026,-52.818272,-89.7163545
Jeffrey Lee,59,1991 Jared Fields Apt. 137,North Meredithfort,Michigan,81568,-3.437076,-77.548515
Christina Mcintosh,60,12324 Noah Wall,Lake Tiffany,Idaho,56769,-169.632295,-21.638243
Anna Martin,65,4119 Thompson Knoll Apt. 417,West Hannahland,Nevada,48954,-100.663365,3.391294
Rhonda Robinson,80,8358 Navarro Pines,Schmidtport,Texas,97936,-48.985646,-85.9207735
Marvin Jones,45,9335 Anna Drive,New Donnaborough,Arkansas,86939,42.982536,16.582391
Eddie Myers,70,906 Debra Mountains,Williamsview,Louisiana,30196,-20.829836,71.5880365
Tyler Moran,40,8524 Karen Rapids,Aliciamouth,Illinois,99021,-176.568241,-72.4569635
Jordan Ali,61,60303 Hood Ville Suite 493,Lake Michaeltown,Louisiana,22034,105.277442,-28.5831205
Jordan Carter,51,99026 Sharon Pines,East Wendybury,North Carolina,86463,-167.614207,-72.903757
Laurie Morrison,62,48043 Manning Squares Suite 725,Lake Elizabethburgh,Illinois,18664,-127.086787,9.302324
Ryan Hayes,47,88111 Ramos Points Suite 464,East Katrinaland,Ohio,45973,-147.751028,85.8073095
Joanna Richardson,73,0491 Dennis Inlet Apt. 872,Lopezfurt,Arizona,74394,-69.375977,-85.0674375
Steven Huffman,34,6350 Gonzalez Overpass Apt. 378,Carterland,Hawaii,97974,116.182246,1.498189
Leslie Harvey,77,5944 Cruz Views Suite 559,Sheppardview,Texas,25932,-105.791688,-56.9831965
Ian Malone,32,27115 Jesse Mall,Jenniferborough,North Dakota,41996,176.806493,19.693619
Samantha Lopez,23,2425 Misty Squares,Petersonfurt,Mississippi,25211,58.214128,21.0664875
Gregory Murphy,29,21071 Brooks Highway,North Shannonburgh,Wyoming,69388,-86.862016,-68.106054
Thomas Jackson,78,119 Contreras Drive Suite 158,New Bradley,Arkansas,78639,158.578678,-42.569161
Isaac Larson,31,60442 Lawrence Neck Suite 294,Port Philip,New Mexico,70117,-46.277746,45.9262995
Casey Duncan,77,6342 Humphrey Estates Apt. 082,Lorifort,Massachusetts,99173,-133.943697,-78.284721
Sara Becker,70,64908 Johnson Well Suite 916,South Lisastad,West Virginia,68948,19.950873,56.2833135
William Sanchez,45,68860 Ware Estates,East Andreaton,South Dakota,91948,64.367711,-61.8732505
Megan Barnes,70,779 Robert Cliff,Carriemouth,Alabama,15481,-14.178672,12.638499
Allison Burton,79,5921 Ian Gardens Suite 539,East Luisburgh,Kansas,74602,144.332900,-27.901564
Alan Dunlap,58,4083 Theresa Points Apt. 236,Stephensland,Arkansas,44206,67.706130,-5.630017
John Moore,35,4192 Daniel Forge,Curtismouth,North Carolina,84213,179.507240,86.6413825
Curtis Dominguez,51,079 Johnson Islands,Hoganside,Colorado,93485,-129.096628,60.9476535
Christopher Patterson,29,6232 Clark Rapids Suite 867,Port Bradley,Utah,24748,-110.908542,0.9377565
Caitlin Moore,35,1979 Laura Run Apt. 405,Dillonfort,Vermont,80990,-127.699126,-9.980536
Chelsea Dominguez,34,1207 Barnes Roads Apt. 228,Olsenbury,Connecticut,44339,136.801102,-77.9861285
Cassandra Bartlett,67,569 Carrillo Mount Suite 001,Watkinstown,California,74890,165.724083,-50.2386345
Chris Ingram,41,0864 Danielle Ville Suite 583,South Jeffreyshire,North Dakota,53996,41.350128,72.637798
George Young,71,74060 Melissa Manors,Edwinhaven,Florida,73036,-126.186933,88.4383935
Jake Wade,75,468 Andrew Square Apt. 916,Port Brandonberg,Missouri,52546,-173.237627,-76.4401925
Ray Martin,23,7273 Glass Turnpike,Dorseyton,Georgia,21352,-66.322892,24.8874395
Evelyn Bass,76,84870 Day Isle,Ashleytown,New Hampshire,07081,-24.761418,32.107887
Melanie Garcia,35,55041 Molly Mills Suite 048,Lake Johnathanport,Washington,20716,-151.383723,-49.403190
Micheal Burgess,49,495 Riggs Village,North Karenfort,Idaho,98252,96.994074,11.547048
Joel Lee,51,728 Julie Turnpike Suite 903,West Jeremyton,Minnesota,06369,112.211604,61.406845
Kimberly Mitchell,70,221 Smith Street,North James,Montana,27530,94.292151,19.4618245
Cynthia Bright,66,98102 Deborah Place,Kristenmouth,Utah,01821,21.558313,-6.7464125
Dana Lawson DDS,77,0718 James Road,Matthewberg,New Mexico,48092,-130.478171,73.5089205
Linda Arnold,21,165 Ian Terrace Suite 493,West William,Kansas,65239,-110.215541,63.623428
Joanna Cox,80,18781 Bennett Burgs Apt. 944,South Joshua,South Carolina,10000,93.014058,31.8829225
Melissa Ward,34,723 Vazquez Estates Apt. 232,Bergchester,Delaware,03644,75.959076,2.5986505
Kathleen Lewis,34,375 Rodriguez Lodge Apt. 934,West Ruben,Idaho,04970,39.578207,-41.2136665
Laura Nelson,61,751 Baker Circle,Antonioton,Oklahoma,13188,104.028546,-24.892009
Tonya Jimenez,69,0316 Ariel Mountains Suite 934,Port Robinport,New York,50065,31.188686,47.354887
Tara Payne,41,01043 Jeremy Estate Apt. 293,North Jason,Oklahoma,40188,-75.933643,59.962686
Andre Gonzalez,25,62899 Miles Throughway Suite 843,Stephenchester,Oklahoma,54922,-146.770771,29.1099845
Calvin Travis,29,72831 Harrington Loop Suite 147,Port Jerrymouth,Missouri,14079,-145.196643,75.1908465
Kevin Cherry,37,196 Andrea Groves,Port Thomasburgh,Idaho,42827,165.287497,-12.9440745
Erika Bailey,19,1711 Stewart Freeway,Stevenstown,Massachusetts,19897,62.055325,-44.8016815
Richard Miller,35,863 Karen Ferry,Robertston,New Hampshire,16709,100.685088,-40.480304
Lisa Little,30,9872 Robert Roads Apt. 640,Martinezville,Indiana,01453,173.360726,-22.7963685
Christopher Holmes MD,37,571 Stephanie Glen Suite 994,West Barry,Mississippi,92169,-66.050995,-27.5337225
Denise Simmons,47,91324 Craig Harbor Suite 750,Matthewfurt,New York,62622,143.232915,-0.445027
Dana Bauer,30,4270 Sampson Coves,Markchester,Georgia,83756,-130.363820,69.954436
Michael Bullock,32,761 Claudia Streets,Clarkton,Ohio,86452,143.671171,16.8476875
Larry Long,40,953 Manning Via,Summerview,Kentucky,67756,162.815122,-24.820326
Brenda Hayes,50,53715 Matthew Glen Suite 212,East Natashabury,West Virginia,25413,45.040844,-55.8544495
Jennifer Murphy,58,6081 Jessica Crossing Apt. 622,Kathystad,Utah,59785,125.547419,87.2174295
Alison Davis,30,030 Courtney Spur Suite 034,North Maryborough,California,02553,176.821338,13.803147
Stephanie Miller,73,76776 Page Fords,South Lisa,New York,21474,166.948861,67.709927
Brian Young,60,37243 Jody Shoals Apt. 562,East Sarahfurt,Delaware,28366,12.606788,20.423896
Jessica Scott,37,368 Harold Ways,Millermouth,Michigan,66472,-97.316988,-83.2050375
Christine Pearson,29,944 Williams Street Suite 821,West Catherinestad,Colorado,83369,-91.595644,-70.776210
Felicia Dean,28,412 Donna Stream Suite 436,New Brian,Arizona,25234,-170.337827,-16.6568935
William Parker,33,02508 Coleman Hill Suite 207,Sethbury,Wisconsin,08854,8.513106,-41.171291
Anthony Nguyen,40,071 Miller Falls,East Benjamin,New Jersey,89872,69.347608,-80.611120
Ann Peterson,68,75841 Jenkins Skyway,Mccluremouth,Indiana,27716,-75.751265,50.1007765
Carla Fernandez,33,86289 Mario Station,North Allison,Washington,99392,-153.448483,-69.116208
Jonathan Smith,69,362 Roberts Stravenue Apt. 765,New Shelby,Arkansas,08780,94.941097,-5.7477755
Jason Johns,57,71795 Melissa Square Suite 282,Cranehaven,Arizona,87493,100.851572,47.449186
Nathan Moore,22,185 Rebecca Crossroad Apt. 865,Bowenfurt,Alaska,18913,-58.814312,-41.960379
Laura Ramos,42,89711 Clayton Mission Apt. 399,Barrettburgh,West Virginia,46109,-60.302753,-19.7462175
Ryan Hernandez,19,2611 Moore Road Apt. 890,South Jared,Nebraska,98985,-144.536577,12.453654
Brandi King,36,381 Lara Crescent,Port Michael,South Carolina,59818,-106.654664,-71.118935
Karen Gonzalez,40,1667 Vickie Alley,Markmouth,Wyoming,54893,38.855207,-17.4970445
Ashley Benton,58,53576 Paul Shoals,Williamsbury,West Virginia,11549,153.204266,-10.015218
James Morrow,40,432 Patrick Grove,Cantuview,Georgia,68400,5.304916,58.792583
Francisco Brown,29,21109 Willis Branch Apt. 860,Traceyborough,North Carolina,67125,83.514805,31.771348
Frank Gordon,36,490 Hudson Spurs,Josephborough,New Hampshire,54372,161.229307,2.723734
Lisa Phillips,37,31110 Smith Route Apt. 035,Joshuaton,Wisconsin,15038,112.871925,49.5217875
Howard Hernandez,62,122 Mikayla Isle,Fisherfurt,Hawaii,42350,-96.583995,-77.0107165
Audrey Johnson,38,949 Jennifer Burgs Suite 103,South Victor,North Dakota,15468,103.035106,64.520536
Kelsey Anderson,52,011 Kimberly Cape Apt. 989,West Wesleybury,Idaho,63158,-70.442947,59.5393905
Richard Roberts,77,8170 Smith Rapid Suite 282,Lindsaychester,Maryland,18785,-36.195272,-16.466820
Shane Cooper,71,136 Myers Bridge,Port Katie,New York,72922,132.325317,77.7613075
Greg York,48,7462 Alexander Lock,Carterbury,Georgia,12638,8.530515,-36.937198
Ruben West,19,0216 Cathy Canyon,Evanland,Florida,91331,-79.703738,-21.5970765
Jessica Garcia,59,1003 Johnson Walks Apt. 330,Lake Justin,Ohio,31322,-105.335916,52.261517
Christine Terry,52,3524 David Via Suite 154,Joneschester,Indiana,02698,19.011154,-61.122521
Michael Hawkins,55,622 Mora Harbors,Lake Kelly,Maryland,52713,53.436553,-77.168279
Kelly Smith,21,4834 Megan Branch Apt. 751,Tracimouth,Texas,34708,103.353088,15.6257115
